time=2025-03-27T16:42:59.711-03:00 level=ERROR msg="exif error" error=EOF
time=2025-03-27T16:42:59.867-03:00 level=ERROR msg="exif error" error=EOF
time=2025-03-27T16:43:04.435-03:00 level=ERROR msg="exif error" error=EOF
time=2025-03-27T16:43:04.586-03:00 level=ERROR msg="exif error" error=EOF
time=2025-03-27T16:43:05.861-03:00 level=ERROR msg="exif error" error=EOF
time=2025-03-27T16:43:06.018-03:00 level=ERROR msg="exif error" error=EOF
time=2025-03-27T16:43:06.230-03:00 level=ERROR msg="exif error" error=EOF
time=2025-03-27T16:43:06.393-03:00 level=ERROR msg="exif error" error=EOF
time=2025-03-27T16:43:07.451-03:00 level=ERROR msg="exif error" error=EOF
time=2025-03-27T16:43:07.606-03:00 level=ERROR msg="exif error" error=EOF
time=2025-03-27T16:43:08.857-03:00 level=ERROR msg="exif error" error=EOF
time=2025-03-27T16:43:09.007-03:00 level=ERROR msg="exif error" error=EOF
time=2025-03-27T16:43:10.002-03:00 level=ERROR msg="exif error" error=EOF
time=2025-03-27T16:43:10.158-03:00 level=ERROR msg="exif error" error=EOF
time=2025-03-27T16:43:13.802-03:00 level=ERROR msg="exif error" error=EOF
time=2025-03-27T16:43:13.956-03:00 level=ERROR msg="exif error" error=EOF
time=2025-03-27T16:43:14.565-03:00 level=ERROR msg="exif error" error=EOF
time=2025-03-27T16:43:14.724-03:00 level=ERROR msg="exif error" error=EOF
time=2025-03-27T16:43:15.641-03:00 level=ERROR msg="exif error" error="exif: failed to find exif intro marker"
time=2025-03-27T16:43:15.791-03:00 level=ERROR msg="exif error" error="exif: failed to find exif intro marker"
time=2025-03-27T16:43:17.446-03:00 level=ERROR msg="exif error" error="exif: failed to find exif intro marker"
time=2025-03-27T16:43:17.610-03:00 level=ERROR msg="exif error" error="exif: failed to find exif intro marker"
time=2025-03-27T16:43:19.382-03:00 level=ERROR msg="exif error" error=EOF
time=2025-03-27T16:43:19.543-03:00 level=ERROR msg="exif error" error=EOF
time=2025-03-27T16:43:20.478-03:00 level=ERROR msg="exif orientation error" error="exif: tag \"Orientation\" is not present"
time=2025-03-27T16:43:20.639-03:00 level=ERROR msg="exif orientation error" error="exif: tag \"Orientation\" is not present"
time=2025-03-27T16:43:23.073-03:00 level=ERROR msg="exif orientation error" error="exif: tag \"Orientation\" is not present"
time=2025-03-27T16:43:23.241-03:00 level=ERROR msg="exif orientation error" error="exif: tag \"Orientation\" is not present"
time=2025-03-27T16:43:23.465-03:00 level=ERROR msg="exif error" error=EOF
time=2025-03-27T16:43:23.616-03:00 level=ERROR msg="exif error" error=EOF
time=2025-03-27T16:43:24.094-03:00 level=ERROR msg="exif error" error="exif: failed to find exif intro marker"
time=2025-03-27T16:43:24.250-03:00 level=ERROR msg="exif error" error="exif: failed to find exif intro marker"
time=2025-03-27T16:43:26.833-03:00 level=ERROR msg="exif error" error="exif: failed to find exif intro marker"
time=2025-03-27T16:47:19.568-03:00 level=ERROR msg="Error render directory preview" error="open C:\\Users\\Gabriel_Stundner\\Application Data: Access is denied."
time=2025-03-27T16:47:19.731-03:00 level=ERROR msg="Error render directory preview" error="open C:\\Users\\Gabriel_Stundner\\Application Data: Access is denied."
time=2025-03-27T16:47:20.175-03:00 level=ERROR msg="Error render directory preview" error="open C:\\Users\\Gabriel_Stundner\\Cookies: Access is denied."
time=2025-03-27T16:47:20.337-03:00 level=ERROR msg="Error render directory preview" error="open C:\\Users\\Gabriel_Stundner\\Cookies: Access is denied."
time=2025-03-27T16:47:20.738-03:00 level=ERROR msg="Error render directory preview" error="open C:\\Users\\Gabriel_Stundner\\Application Data: Access is denied."
time=2025-03-27T16:47:20.898-03:00 level=ERROR msg="Error render directory preview" error="open C:\\Users\\Gabriel_Stundner\\Application Data: Access is denied."
time=2025-03-27T17:00:36.270-03:00 level=ERROR msg="exif error" error=EOF
time=2025-03-27T17:00:36.433-03:00 level=ERROR msg="exif error" error=EOF
time=2025-03-27T17:00:38.322-03:00 level=ERROR msg="exif error" error=EOF
time=2025-03-27T17:00:38.468-03:00 level=ERROR msg="exif error" error=EOF
time=2025-03-27T17:00:40.343-03:00 level=ERROR msg="exif error" error=EOF
time=2025-03-27T17:00:40.505-03:00 level=ERROR msg="exif error" error=EOF
time=2025-03-27T17:00:45.840-03:00 level=ERROR msg="exif error" error="exif: failed to find exif intro marker"
time=2025-03-27T17:00:46.002-03:00 level=ERROR msg="exif error" error="exif: failed to find exif intro marker"
time=2025-03-27T17:00:46.735-03:00 level=ERROR msg="exif error" error=EOF
time=2025-03-27T17:00:46.884-03:00 level=ERROR msg="exif error" error=EOF
time=2025-03-27T17:00:47.507-03:00 level=ERROR msg="exif error" error="exif: failed to find exif intro marker"
time=2025-03-27T17:00:47.660-03:00 level=ERROR msg="exif error" error="exif: failed to find exif intro marker"
time=2025-03-27T17:00:49.556-03:00 level=ERROR msg="exif error" error=EOF
time=2025-03-27T17:00:49.725-03:00 level=ERROR msg="exif error" error=EOF
time=2025-03-27T17:00:50.499-03:00 level=ERROR msg="exif error" error="exif: failed to find exif intro marker"
time=2025-03-27T17:00:50.784-03:00 level=ERROR msg="exif error" error="exif: failed to find exif intro marker"
time=2025-03-27T17:00:51.346-03:00 level=ERROR msg="exif error" error=EOF
time=2025-03-27T17:00:51.504-03:00 level=ERROR msg="exif error" error=EOF
time=2025-03-27T17:00:51.975-03:00 level=ERROR msg="exif error" error="exif: failed to find exif intro marker"
time=2025-03-27T17:00:52.131-03:00 level=ERROR msg="exif error" error="exif: failed to find exif intro marker"
time=2025-03-27T17:00:52.915-03:00 level=ERROR msg="exif error" error="exif: failed to find exif intro marker"
time=2025-03-27T17:00:53.080-03:00 level=ERROR msg="exif error" error="exif: failed to find exif intro marker"
time=2025-03-27T17:10:40.893-03:00 level=ERROR msg="exif error" error="exif: failed to find exif intro marker"
time=2025-03-27T17:10:40.920-03:00 level=ERROR msg="exif error" error="exif: failed to find exif intro marker"
time=2025-03-27T17:10:40.949-03:00 level=ERROR msg="exif error" error="exif: failed to find exif intro marker"
time=2025-03-27T17:10:40.976-03:00 level=ERROR msg="exif error" error="exif: failed to find exif intro marker"
time=2025-03-27T17:10:41.003-03:00 level=ERROR msg="exif error" error="exif: failed to find exif intro marker"
time=2025-03-27T17:10:41.031-03:00 level=ERROR msg="exif error" error="exif: failed to find exif intro marker"
time=2025-03-27T17:10:41.057-03:00 level=ERROR msg="exif error" error="exif: failed to find exif intro marker"
time=2025-03-27T17:10:41.082-03:00 level=ERROR msg="exif error" error="exif: failed to find exif intro marker"
time=2025-03-27T17:10:41.114-03:00 level=ERROR msg="exif error" error="exif: failed to find exif intro marker"
time=2025-03-27T17:10:41.140-03:00 level=ERROR msg="exif error" error="exif: failed to find exif intro marker"
time=2025-03-27T17:10:41.164-03:00 level=ERROR msg="exif error" error="exif: failed to find exif intro marker"
time=2025-03-27T17:10:41.189-03:00 level=ERROR msg="exif error" error="exif: failed to find exif intro marker"
time=2025-03-28T08:15:13.281-03:00 level=ERROR msg="exif error" error=EOF
time=2025-03-28T08:16:52.504-03:00 level=ERROR msg="exif error" error=EOF
time=2025-03-28T08:16:53.257-03:00 level=ERROR msg="exif error" error=EOF
time=2025-03-28T08:16:53.403-03:00 level=ERROR msg="exif error" error=EOF
time=2025-03-28T08:16:53.728-03:00 level=ERROR msg="exif error" error=EOF
time=2025-03-28T08:16:53.868-03:00 level=ERROR msg="exif error" error=EOF
time=2025-03-28T08:16:54.170-03:00 level=ERROR msg="exif error" error=EOF
time=2025-03-28T08:16:54.332-03:00 level=ERROR msg="exif error" error=EOF
time=2025-03-28T08:16:55.348-03:00 level=ERROR msg="exif error" error="exif: failed to find exif intro marker"
time=2025-03-28T08:16:55.493-03:00 level=ERROR msg="exif error" error="exif: failed to find exif intro marker"
time=2025-03-28T08:16:56.139-03:00 level=ERROR msg="exif error" error=EOF
time=2025-03-28T08:16:56.302-03:00 level=ERROR msg="exif error" error=EOF
time=2025-03-28T08:16:56.740-03:00 level=ERROR msg="exif error" error="exif: failed to find exif intro marker"
time=2025-03-28T08:16:56.881-03:00 level=ERROR msg="exif error" error="exif: failed to find exif intro marker"
time=2025-03-28T08:16:57.275-03:00 level=ERROR msg="exif error" error="exif: failed to find exif intro marker"
time=2025-03-28T08:16:57.423-03:00 level=ERROR msg="exif error" error="exif: failed to find exif intro marker"
time=2025-03-28T08:16:58.462-03:00 level=ERROR msg="exif error" error="exif: failed to find exif intro marker"
time=2025-03-28T08:16:58.618-03:00 level=ERROR msg="exif error" error="exif: failed to find exif intro marker"
time=2025-03-28T08:17:00.647-03:00 level=ERROR msg="exif error" error="exif: failed to find exif intro marker"
time=2025-03-28T08:17:12.340-03:00 level=ERROR msg="exif error" error="exif: failed to find exif intro marker"
time=2025-03-28T08:17:12.517-03:00 level=ERROR msg="exif error" error="exif: failed to find exif intro marker"
time=2025-03-28T08:17:12.699-03:00 level=ERROR msg="exif error" error="exif: failed to find exif intro marker"
time=2025-03-28T08:17:12.880-03:00 level=ERROR msg="exif error" error="exif: failed to find exif intro marker"
time=2025-03-28T08:17:13.074-03:00 level=ERROR msg="exif error" error="exif: failed to find exif intro marker"
time=2025-03-28T08:17:13.206-03:00 level=ERROR msg="exif error" error="exif: failed to find exif intro marker"
time=2025-03-28T08:17:13.304-03:00 level=ERROR msg="exif error" error="exif: failed to find exif intro marker"
time=2025-03-28T08:17:13.462-03:00 level=ERROR msg="exif error" error="exif: failed to find exif intro marker"
time=2025-03-28T08:17:13.587-03:00 level=ERROR msg="exif error" error="exif: failed to find exif intro marker"
time=2025-03-28T08:17:15.152-03:00 level=ERROR msg="exif error" error="exif: failed to find exif intro marker"
time=2025-03-28T08:17:15.263-03:00 level=ERROR msg="exif error" error="exif: failed to find exif intro marker"
time=2025-03-28T09:51:58.936-03:00 level=ERROR msg="exif error" error=EOF
time=2025-03-28T09:51:59.113-03:00 level=ERROR msg="exif error" error=EOF
time=2025-03-28T09:51:59.278-03:00 level=ERROR msg="exif error" error=EOF
time=2025-03-28T09:51:59.383-03:00 level=ERROR msg="exif error" error=EOF
time=2025-03-28T09:51:59.456-03:00 level=ERROR msg="exif error" error=EOF
time=2025-03-28T09:51:59.559-03:00 level=ERROR msg="exif error" error=EOF
time=2025-03-28T09:51:59.674-03:00 level=ERROR msg="exif error" error=EOF
time=2025-03-28T09:51:59.744-03:00 level=ERROR msg="exif error" error=EOF
time=2025-03-28T09:51:59.869-03:00 level=ERROR msg="exif error" error=EOF
time=2025-03-28T09:51:59.955-03:00 level=ERROR msg="exif error" error="exif: failed to find exif intro marker"
time=2025-03-28T09:52:00.032-03:00 level=ERROR msg="exif error" error=EOF
time=2025-03-28T09:52:00.102-03:00 level=ERROR msg="exif error" error=EOF
time=2025-03-28T09:52:00.212-03:00 level=ERROR msg="exif error" error=EOF
time=2025-03-28T09:52:00.285-03:00 level=ERROR msg="exif error" error=EOF
time=2025-03-28T09:52:00.388-03:00 level=ERROR msg="exif error" error=EOF
time=2025-03-28T09:52:00.464-03:00 level=ERROR msg="exif error" error=EOF
time=2025-03-28T09:52:00.555-03:00 level=ERROR msg="exif error" error="exif: failed to find exif intro marker"
time=2025-03-28T09:52:00.652-03:00 level=ERROR msg="exif error" error="exif: failed to find exif intro marker"
time=2025-03-28T09:52:00.738-03:00 level=ERROR msg="exif error" error="exif: failed to find exif intro marker"
time=2025-03-28T09:52:00.808-03:00 level=ERROR msg="exif error" error="exif: failed to find exif intro marker"
time=2025-03-28T09:52:00.892-03:00 level=ERROR msg="exif error" error="exif: failed to find exif intro marker"
time=2025-03-28T09:52:00.963-03:00 level=ERROR msg="exif error" error=EOF
time=2025-03-28T09:52:01.056-03:00 level=ERROR msg="exif error" error="exif: failed to find exif intro marker"
time=2025-03-28T09:52:01.211-03:00 level=ERROR msg="exif error" error="exif: failed to find exif intro marker"
time=2025-03-28T09:52:01.354-03:00 level=ERROR msg="exif error" error="exif: failed to find exif intro marker"
time=2025-03-28T09:52:01.440-03:00 level=ERROR msg="exif error" error="exif: failed to find exif intro marker"
time=2025-03-28T09:52:01.543-03:00 level=ERROR msg="exif error" error="exif: failed to find exif intro marker"
time=2025-03-28T09:52:01.668-03:00 level=ERROR msg="exif error" error="exif: failed to find exif intro marker"
time=2025-03-28T09:52:01.770-03:00 level=ERROR msg="exif error" error="exif: failed to find exif intro marker"
time=2025-03-28T09:52:01.906-03:00 level=ERROR msg="exif error" error="exif: failed to find exif intro marker"
time=2025-03-28T09:52:02.031-03:00 level=ERROR msg="exif error" error=EOF
time=2025-03-28T09:52:02.065-03:00 level=ERROR msg="exif error" error=EOF
time=2025-03-28T09:52:02.101-03:00 level=ERROR msg="exif error" error=EOF
time=2025-03-28T09:52:02.169-03:00 level=ERROR msg="exif error" error="exif: failed to find exif intro marker"
time=2025-03-28T09:52:02.246-03:00 level=ERROR msg="exif error" error="exif: failed to find exif intro marker"
time=2025-03-28T09:52:02.324-03:00 level=ERROR msg="exif error" error="exif: failed to find exif intro marker"
time=2025-03-28T09:52:02.398-03:00 level=ERROR msg="exif error" error=EOF
time=2025-03-28T09:52:02.478-03:00 level=ERROR msg="exif error" error="exif: failed to find exif intro marker"
time=2025-03-28T09:52:02.613-03:00 level=ERROR msg="exif error" error="exif: failed to find exif intro marker"
time=2025-03-28T09:52:02.702-03:00 level=ERROR msg="exif error" error=EOF
time=2025-03-28T09:52:02.777-03:00 level=ERROR msg="exif error" error="exif: failed to find exif intro marker"
time=2025-03-28T09:52:02.862-03:00 level=ERROR msg="exif error" error=EOF
time=2025-03-28T09:52:02.907-03:00 level=ERROR msg="exif error" error=EOF
time=2025-03-28T09:52:02.975-03:00 level=ERROR msg="exif error" error="exif: failed to find exif intro marker"
time=2025-03-28T09:52:03.113-03:00 level=ERROR msg="exif error" error="exif: failed to find exif intro marker"
time=2025-03-28T09:52:03.218-03:00 level=ERROR msg="exif error" error="exif: failed to find exif intro marker"
time=2025-03-28T09:52:03.388-03:00 level=ERROR msg="exif error" error="exif: failed to find exif intro marker"
time=2025-03-28T09:52:03.509-03:00 level=ERROR msg="exif error" error="exif: failed to find exif intro marker"
time=2025-03-28T09:52:03.623-03:00 level=ERROR msg="exif error" error="exif: failed to find exif intro marker"
time=2025-03-28T09:52:03.758-03:00 level=ERROR msg="exif error" error="exif: failed to find exif intro marker"
time=2025-03-28T09:52:03.852-03:00 level=ERROR msg="exif error" error=EOF
time=2025-03-28T09:52:03.889-03:00 level=ERROR msg="exif error" error=EOF
time=2025-03-28T09:52:03.922-03:00 level=ERROR msg="exif error" error=EOF
time=2025-03-28T09:52:03.969-03:00 level=ERROR msg="exif error" error=EOF
time=2025-03-28T09:52:04.027-03:00 level=ERROR msg="exif error" error="exif: failed to find exif intro marker"
time=2025-03-28T09:52:04.119-03:00 level=ERROR msg="exif error" error="exif: failed to find exif intro marker"
time=2025-03-28T09:52:04.255-03:00 level=ERROR msg="exif error" error="exif: failed to find exif intro marker"
time=2025-03-28T09:52:04.371-03:00 level=ERROR msg="exif error" error="exif: failed to find exif intro marker"
time=2025-03-28T09:52:04.492-03:00 level=ERROR msg="exif error" error="exif: failed to find exif intro marker"
time=2025-03-28T09:52:04.616-03:00 level=ERROR msg="exif error" error="exif: failed to find exif intro marker"
time=2025-03-28T09:52:04.742-03:00 level=ERROR msg="exif error" error="exif: failed to find exif intro marker"
time=2025-03-28T09:52:04.861-03:00 level=ERROR msg="exif error" error="exif: failed to find exif intro marker"
time=2025-03-28T09:52:04.974-03:00 level=ERROR msg="exif error" error="exif: failed to find exif intro marker"
time=2025-03-28T09:52:05.090-03:00 level=ERROR msg="exif error" error="exif: failed to find exif intro marker"
time=2025-03-28T09:52:05.219-03:00 level=ERROR msg="exif error" error="exif: failed to find exif intro marker"
time=2025-03-28T09:52:05.336-03:00 level=ERROR msg="exif error" error=EOF
time=2025-03-28T09:52:05.422-03:00 level=ERROR msg="exif error" error="exif: failed to find exif intro marker"
time=2025-03-28T09:52:05.690-03:00 level=ERROR msg="exif error" error=EOF
time=2025-03-28T09:52:06.258-03:00 level=ERROR msg="exif error" error=EOF
time=2025-03-28T09:52:06.780-03:00 level=ERROR msg="exif error" error=EOF
time=2025-03-28T09:52:06.962-03:00 level=ERROR msg="exif error" error=EOF
time=2025-03-28T09:52:07.305-03:00 level=ERROR msg="exif error" error=EOF
time=2025-03-28T09:52:07.669-03:00 level=ERROR msg="exif error" error=EOF
time=2025-03-28T09:52:07.967-03:00 level=ERROR msg="exif error" error=EOF
time=2025-03-28T09:52:08.244-03:00 level=ERROR msg="exif error" error=EOF
time=2025-03-28T09:52:08.335-03:00 level=ERROR msg="exif error" error=EOF
time=2025-03-28T09:52:08.615-03:00 level=ERROR msg="exif error" error="exif: failed to find exif intro marker"
time=2025-03-28T09:52:08.901-03:00 level=ERROR msg="exif error" error="exif: failed to find exif intro marker"
time=2025-03-28T09:52:08.981-03:00 level=ERROR msg="exif error" error=EOF
time=2025-03-28T09:52:10.664-03:00 level=ERROR msg="exif error" error=EOF
time=2025-03-28T09:52:11.021-03:00 level=ERROR msg="exif error" error=EOF
time=2025-03-28T09:52:11.113-03:00 level=ERROR msg="exif error" error=EOF
time=2025-03-28T09:52:11.529-03:00 level=ERROR msg="exif error" error="exif: failed to find exif intro marker"
time=2025-03-28T09:52:11.721-03:00 level=ERROR msg="exif error" error="exif: failed to find exif intro marker"
time=2025-03-28T09:52:11.929-03:00 level=ERROR msg="exif error" error="exif: failed to find exif intro marker"
time=2025-03-28T09:52:12.132-03:00 level=ERROR msg="exif error" error="exif: failed to find exif intro marker"
time=2025-03-28T09:52:12.320-03:00 level=ERROR msg="exif error" error="exif: failed to find exif intro marker"
time=2025-03-28T09:52:12.515-03:00 level=ERROR msg="exif error" error="exif: failed to find exif intro marker"
time=2025-03-28T09:52:14.101-03:00 level=ERROR msg="exif error" error="exif: failed to find exif intro marker"
time=2025-03-28T09:52:14.227-03:00 level=ERROR msg="exif error" error="exif: failed to find exif intro marker"
time=2025-03-28T09:52:15.689-03:00 level=ERROR msg="exif error" error="exif: failed to find exif intro marker"
time=2025-03-28T09:52:15.833-03:00 level=ERROR msg="exif error" error="exif: failed to find exif intro marker"
time=2025-03-28T09:52:16.584-03:00 level=ERROR msg="exif error" error=EOF
time=2025-03-28T09:52:16.688-03:00 level=ERROR msg="exif error" error=EOF
time=2025-03-28T09:52:16.807-03:00 level=ERROR msg="exif error" error=EOF
time=2025-03-28T09:52:16.917-03:00 level=ERROR msg="exif error" error=EOF
time=2025-03-28T09:52:18.177-03:00 level=ERROR msg="exif error" error="exif: failed to find exif intro marker"
time=2025-03-28T09:52:18.292-03:00 level=ERROR msg="exif error" error="exif: failed to find exif intro marker"
time=2025-03-28T09:52:18.553-03:00 level=ERROR msg="exif error" error=EOF
time=2025-03-28T09:52:18.693-03:00 level=ERROR msg="exif error" error=EOF
time=2025-03-28T09:52:19.694-03:00 level=ERROR msg="exif error" error="exif: failed to find exif intro marker"
time=2025-03-28T09:52:19.887-03:00 level=ERROR msg="exif error" error="exif: failed to find exif intro marker"
time=2025-03-28T09:52:20.547-03:00 level=ERROR msg="exif error" error=EOF
time=2025-03-28T09:52:20.663-03:00 level=ERROR msg="exif error" error=EOF
time=2025-03-28T09:52:20.950-03:00 level=ERROR msg="exif error" error="exif: failed to find exif intro marker"
time=2025-03-28T09:52:21.086-03:00 level=ERROR msg="exif error" error="exif: failed to find exif intro marker"
time=2025-03-28T09:52:21.405-03:00 level=ERROR msg="exif error" error=EOF
time=2025-03-28T09:52:21.503-03:00 level=ERROR msg="exif error" error=EOF
time=2025-03-28T09:53:20.886-03:00 level=ERROR msg="exif error" error="exif: failed to find exif intro marker"
time=2025-03-28T09:53:21.047-03:00 level=ERROR msg="exif error" error="exif: failed to find exif intro marker"
time=2025-03-28T13:24:45.873-03:00 level=ERROR msg="exif error" error="exif: failed to find exif intro marker"
time=2025-03-28T13:24:45.978-03:00 level=ERROR msg="exif error" error="exif: failed to find exif intro marker"
time=2025-03-28T13:24:46.072-03:00 level=ERROR msg="exif error" error="exif: failed to find exif intro marker"
time=2025-03-28T13:24:46.162-03:00 level=ERROR msg="exif error" error="exif: failed to find exif intro marker"
time=2025-03-28T13:24:46.250-03:00 level=ERROR msg="exif error" error="exif: failed to find exif intro marker"
time=2025-03-28T13:24:46.806-03:00 level=ERROR msg="exif error" error="exif: failed to find exif intro marker"
time=2025-03-28T13:24:47.330-03:00 level=ERROR msg="exif error" error="exif: failed to find exif intro marker"
time=2025-03-28T13:24:47.875-03:00 level=ERROR msg="exif error" error="exif: failed to find exif intro marker"
time=2025-03-28T13:24:48.416-03:00 level=ERROR msg="exif error" error="exif: failed to find exif intro marker"
time=2025-03-28T13:24:48.945-03:00 level=ERROR msg="exif error" error="exif: failed to find exif intro marker"
time=2025-03-28T13:24:49.486-03:00 level=ERROR msg="exif error" error="exif: failed to find exif intro marker"
time=2025-03-28T13:24:49.578-03:00 level=ERROR msg="exif error" error="exif: failed to find exif intro marker"
time=2025-03-28T13:24:50.027-03:00 level=ERROR msg="exif error" error="exif: failed to find exif intro marker"
time=2025-03-28T13:24:50.570-03:00 level=ERROR msg="exif error" error="exif: failed to find exif intro marker"
time=2025-03-28T13:24:50.913-03:00 level=ERROR msg="exif error" error="exif: failed to find exif intro marker"
time=2025-03-28T13:24:51.007-03:00 level=ERROR msg="exif error" error="exif: failed to find exif intro marker"
time=2025-03-28T13:24:51.105-03:00 level=ERROR msg="exif error" error="exif: failed to find exif intro marker"
time=2025-03-28T13:24:51.196-03:00 level=ERROR msg="exif error" error="exif: failed to find exif intro marker"
time=2025-03-28T13:24:51.285-03:00 level=ERROR msg="exif error" error="exif: failed to find exif intro marker"
time=2025-03-28T13:24:51.379-03:00 level=ERROR msg="exif error" error="exif: failed to find exif intro marker"
time=2025-03-28T13:24:51.470-03:00 level=ERROR msg="exif error" error="exif: failed to find exif intro marker"
time=2025-03-28T13:24:51.563-03:00 level=ERROR msg="exif error" error="exif: failed to find exif intro marker"
time=2025-03-28T13:24:51.647-03:00 level=ERROR msg="exif error" error="exif: failed to find exif intro marker"
time=2025-03-28T13:24:51.734-03:00 level=ERROR msg="exif error" error="exif: failed to find exif intro marker"
time=2025-03-28T13:24:51.824-03:00 level=ERROR msg="exif error" error="exif: failed to find exif intro marker"
time=2025-03-28T13:24:51.914-03:00 level=ERROR msg="exif error" error="exif: failed to find exif intro marker"
time=2025-03-28T13:24:52.003-03:00 level=ERROR msg="exif error" error="exif: failed to find exif intro marker"
time=2025-03-28T13:24:52.095-03:00 level=ERROR msg="exif error" error="exif: failed to find exif intro marker"
time=2025-03-28T13:24:52.184-03:00 level=ERROR msg="exif error" error="exif: failed to find exif intro marker"
time=2025-03-28T13:24:52.274-03:00 level=ERROR msg="exif error" error="exif: failed to find exif intro marker"
time=2025-03-28T13:24:52.364-03:00 level=ERROR msg="exif error" error="exif: failed to find exif intro marker"
time=2025-03-28T13:24:52.453-03:00 level=ERROR msg="exif error" error="exif: failed to find exif intro marker"
time=2025-07-13T00:39:07.868-03:00 level=ERROR msg="Max lines reached" maxLines=29
time=2025-07-13T00:39:07.896-03:00 level=ERROR msg="Max lines reached" maxLines=29
time=2025-07-13T00:39:07.927-03:00 level=ERROR msg="Max lines reached" maxLines=29
time=2025-07-13T00:39:08.081-03:00 level=ERROR msg="Max lines reached" maxLines=29
time=2025-07-13T00:39:09.209-03:00 level=ERROR msg="Max lines reached" maxLines=29
time=2025-07-13T00:39:09.362-03:00 level=ERROR msg="Max lines reached" maxLines=29
time=2025-07-13T00:39:09.804-03:00 level=ERROR msg="Max lines reached" maxLines=29
time=2025-07-13T00:39:09.949-03:00 level=ERROR msg="Max lines reached" maxLines=29
time=2025-07-13T00:39:11.024-03:00 level=ERROR msg="Max lines reached" maxLines=29
time=2025-07-13T00:39:11.164-03:00 level=ERROR msg="Max lines reached" maxLines=29
time=2025-07-13T01:10:11.264-03:00 level=ERROR msg="Max lines reached" maxLines=21
time=2025-07-13T01:10:11.412-03:00 level=ERROR msg="Max lines reached" maxLines=21
time=2025-07-14T17:03:49.767-03:00 level=ERROR msg="Max lines reached" maxLines=38
time=2025-07-14T17:03:49.916-03:00 level=ERROR msg="Max lines reached" maxLines=38
time=2025-07-14T17:03:51.670-03:00 level=ERROR msg="Max lines reached" maxLines=38
time=2025-07-14T17:03:51.822-03:00 level=ERROR msg="Max lines reached" maxLines=38
time=2025-07-14T17:03:53.804-03:00 level=ERROR msg="Max lines reached" maxLines=38
time=2025-07-14T17:03:53.953-03:00 level=ERROR msg="Max lines reached" maxLines=38
time=2025-07-14T17:03:54.390-03:00 level=ERROR msg="Max lines reached" maxLines=38
time=2025-07-14T17:03:54.541-03:00 level=ERROR msg="Max lines reached" maxLines=38
time=2025-07-14T17:03:55.767-03:00 level=ERROR msg="Max lines reached" maxLines=38
time=2025-07-14T17:03:55.919-03:00 level=ERROR msg="Max lines reached" maxLines=38
time=2025-07-14T17:03:59.908-03:00 level=ERROR msg="Max lines reached" maxLines=38
time=2025-07-14T17:04:00.057-03:00 level=ERROR msg="Max lines reached" maxLines=38
time=2025-07-14T17:04:00.548-03:00 level=ERROR msg="Max lines reached" maxLines=38
time=2025-07-14T17:04:00.698-03:00 level=ERROR msg="Max lines reached" maxLines=38
time=2025-07-14T17:04:01.942-03:00 level=ERROR msg="Max lines reached" maxLines=38
time=2025-07-14T17:04:02.091-03:00 level=ERROR msg="Max lines reached" maxLines=38
time=2025-07-14T17:04:02.724-03:00 level=ERROR msg="Max lines reached" maxLines=38
time=2025-07-14T17:04:02.875-03:00 level=ERROR msg="Max lines reached" maxLines=38
time=2025-07-14T17:04:09.797-03:00 level=ERROR msg="Max lines reached" maxLines=38
time=2025-07-14T17:04:09.949-03:00 level=ERROR msg="Max lines reached" maxLines=38
time=2025-07-14T17:04:19.106-03:00 level=ERROR msg="Max lines reached" maxLines=38
time=2025-07-14T17:04:19.637-03:00 level=ERROR msg="Max lines reached" maxLines=38
time=2025-07-14T17:04:19.787-03:00 level=ERROR msg="Max lines reached" maxLines=38
time=2025-07-14T17:05:58.504-03:00 level=ERROR msg="Command execution failed" retCode=1 error="exit status 1" output="open : The term 'open' is not recognized as the name of a cmdlet, function, script file, or operable program. Check the spelling of the name, or if a path was included, verify that the \r\npath is correct and try again.\r\nAt line:1 char:1\r\n+ open Downloads\r\n+ ~~~~\r\n    + CategoryInfo          : ObjectNotFound: (open:String) [], CommandNotFoundException\r\n    + FullyQualifiedErrorId : CommandNotFoundException\r\n \r\n"
time=2025-07-14T17:06:09.404-03:00 level=ERROR msg="Command execution failed" retCode=1 error="exit status 1" output="q : The term 'q' is not recognized as the name of a cmdlet, function, script file, or operable program. Check the spelling of the name, or if a path was included, verify that the path is \r\ncorrect and try again.\r\nAt line:1 char:1\r\n+ q\r\n+ ~\r\n    + CategoryInfo          : ObjectNotFound: (q:String) [], CommandNotFoundException\r\n    + FullyQualifiedErrorId : CommandNotFoundException\r\n \r\n"
time=2025-07-14T17:06:31.110-03:00 level=ERROR msg="Max lines reached" maxLines=38
time=2025-07-14T17:06:31.258-03:00 level=ERROR msg="Max lines reached" maxLines=38
time=2025-07-14T17:06:31.553-03:00 level=ERROR msg="Max lines reached" maxLines=38
time=2025-07-14T17:06:31.703-03:00 level=ERROR msg="Max lines reached" maxLines=38
time=2025-07-14T17:06:34.180-03:00 level=ERROR msg="Max lines reached" maxLines=38
time=2025-07-14T17:06:36.497-03:00 level=ERROR msg="Max lines reached" maxLines=38
time=2025-07-14T17:06:36.650-03:00 level=ERROR msg="Max lines reached" maxLines=38
time=2025-07-14T17:06:37.266-03:00 level=ERROR msg="Max lines reached" maxLines=38
time=2025-07-14T17:06:37.420-03:00 level=ERROR msg="Max lines reached" maxLines=38
time=2025-07-14T17:10:06.842-03:00 level=ERROR msg="Command execution failed" retCode=1 error="exit status 1" output="config : The term 'config' is not recognized as the name of a cmdlet, function, script file, or operable program. Check the spelling of the name, or if a path was included, verify that the \r\npath is correct and try again.\r\nAt line:1 char:1\r\n+ config\r\n+ ~~~~~~\r\n    + CategoryInfo          : ObjectNotFound: (config:String) [], CommandNotFoundException\r\n    + FullyQualifiedErrorId : CommandNotFoundException\r\n \r\n"
time=2025-07-14T17:10:18.955-03:00 level=ERROR msg="Command execution failed" retCode=1 error="exit status 1" output="config : The term 'config' is not recognized as the name of a cmdlet, function, script file, or operable program. Check the spelling of the name, or if a path was included, verify that the \r\npath is correct and try again.\r\nAt line:1 char:1\r\n+ config\r\n+ ~~~~~~\r\n    + CategoryInfo          : ObjectNotFound: (config:String) [], CommandNotFoundException\r\n    + FullyQualifiedErrorId : CommandNotFoundException\r\n \r\n"
time=2025-07-14T17:14:03.385-03:00 level=ERROR msg="exif orientation error" error="exif: tag \"Orientation\" is not present"
time=2025-07-14T17:14:03.500-03:00 level=ERROR msg="exif orientation error" error="exif: tag \"Orientation\" is not present"
time=2025-07-14T17:14:03.836-03:00 level=ERROR msg="exif error" error=EOF
time=2025-07-14T17:14:03.869-03:00 level=ERROR msg="exif error" error=EOF
time=2025-07-14T17:14:04.369-03:00 level=ERROR msg="exif error" error=EOF
time=2025-07-14T17:14:13.552-03:00 level=ERROR msg="exif orientation error" error="exif: tag \"Orientation\" is not present"
time=2025-07-14T17:14:13.674-03:00 level=ERROR msg="exif orientation error" error="exif: tag \"Orientation\" is not present"
time=2025-07-14T17:14:14.202-03:00 level=ERROR msg="exif orientation error" error="exif: tag \"Orientation\" is not present"
time=2025-07-14T17:14:14.737-03:00 level=ERROR msg="exif orientation error" error="exif: tag \"Orientation\" is not present"
time=2025-07-14T17:14:15.265-03:00 level=ERROR msg="exif orientation error" error="exif: tag \"Orientation\" is not present"
time=2025-07-14T17:14:15.803-03:00 level=ERROR msg="exif orientation error" error="exif: tag \"Orientation\" is not present"
time=2025-07-14T17:14:16.124-03:00 level=ERROR msg="exif orientation error" error="exif: tag \"Orientation\" is not present"
time=2025-07-14T17:14:16.326-03:00 level=ERROR msg="exif orientation error" error="exif: tag \"Orientation\" is not present"
time=2025-07-14T17:14:16.674-03:00 level=ERROR msg="exif orientation error" error="exif: tag \"Orientation\" is not present"
time=2025-07-14T17:14:16.854-03:00 level=ERROR msg="exif orientation error" error="exif: tag \"Orientation\" is not present"
time=2025-07-14T17:14:16.971-03:00 level=ERROR msg="exif orientation error" error="exif: tag \"Orientation\" is not present"
time=2025-07-14T17:14:17.387-03:00 level=ERROR msg="exif orientation error" error="exif: tag \"Orientation\" is not present"
time=2025-07-14T17:14:17.502-03:00 level=ERROR msg="exif orientation error" error="exif: tag \"Orientation\" is not present"
time=2025-07-14T17:14:17.914-03:00 level=ERROR msg="exif orientation error" error="exif: tag \"Orientation\" is not present"
time=2025-07-14T17:14:18.442-03:00 level=ERROR msg="exif orientation error" error="exif: tag \"Orientation\" is not present"
time=2025-07-14T17:14:18.974-03:00 level=ERROR msg="exif orientation error" error="exif: tag \"Orientation\" is not present"
time=2025-07-14T17:14:19.506-03:00 level=ERROR msg="exif orientation error" error="exif: tag \"Orientation\" is not present"
time=2025-07-14T17:14:19.620-03:00 level=ERROR msg="exif orientation error" error="exif: tag \"Orientation\" is not present"
time=2025-07-14T17:14:20.041-03:00 level=ERROR msg="exif orientation error" error="exif: tag \"Orientation\" is not present"
time=2025-07-14T17:14:20.306-03:00 level=ERROR msg="exif error" error=EOF
time=2025-07-14T17:14:20.450-03:00 level=ERROR msg="exif error" error=EOF
time=2025-07-14T17:14:21.513-03:00 level=ERROR msg="exif error" error=EOF
time=2025-07-14T17:14:21.663-03:00 level=ERROR msg="exif error" error=EOF
time=2025-07-14T17:14:23.221-03:00 level=ERROR msg="exif error" error=EOF
time=2025-07-14T17:14:23.363-03:00 level=ERROR msg="exif error" error=EOF
time=2025-07-14T17:14:24.585-03:00 level=ERROR msg="exif error" error="exif: failed to find exif intro marker"
time=2025-07-14T17:14:24.740-03:00 level=ERROR msg="exif error" error="exif: failed to find exif intro marker"
time=2025-07-14T17:14:25.101-03:00 level=ERROR msg="exif error" error="exif: failed to find exif intro marker"
time=2025-07-14T17:14:25.249-03:00 level=ERROR msg="exif error" error="exif: failed to find exif intro marker"
time=2025-07-14T17:14:25.629-03:00 level=ERROR msg="exif error" error=EOF
time=2025-07-14T17:14:25.777-03:00 level=ERROR msg="exif error" error=EOF
time=2025-07-14T17:14:26.759-03:00 level=ERROR msg="exif error" error=EOF
time=2025-07-14T17:14:26.897-03:00 level=ERROR msg="exif error" error=EOF
time=2025-07-14T17:14:27.269-03:00 level=ERROR msg="exif error" error=EOF
time=2025-07-14T17:14:27.430-03:00 level=ERROR msg="exif error" error=EOF
time=2025-07-14T17:14:27.742-03:00 level=ERROR msg="exif error" error=EOF
time=2025-07-14T17:14:27.899-03:00 level=ERROR msg="exif error" error=EOF
time=2025-07-14T17:14:29.175-03:00 level=ERROR msg="exif error" error=EOF
time=2025-07-14T17:14:29.315-03:00 level=ERROR msg="exif error" error=EOF
time=2025-07-14T17:14:29.697-03:00 level=ERROR msg="Max lines reached" maxLines=50
time=2025-07-14T17:14:29.844-03:00 level=ERROR msg="Max lines reached" maxLines=50
time=2025-07-14T17:14:32.404-03:00 level=ERROR msg="exif error" error="exif: failed to find exif intro marker"
time=2025-07-14T17:14:32.561-03:00 level=ERROR msg="exif error" error="exif: failed to find exif intro marker"
time=2025-07-14T17:14:33.031-03:00 level=ERROR msg="exif error" error="exif: failed to find exif intro marker"
time=2025-07-14T17:14:33.183-03:00 level=ERROR msg="exif error" error="exif: failed to find exif intro marker"
time=2025-07-14T17:14:35.160-03:00 level=ERROR msg="exif error" error="exif: failed to find exif intro marker"
time=2025-07-14T17:14:35.307-03:00 level=ERROR msg="exif error" error="exif: failed to find exif intro marker"
time=2025-07-14T17:14:36.129-03:00 level=ERROR msg="Max lines reached" maxLines=50
time=2025-07-14T17:14:36.285-03:00 level=ERROR msg="Max lines reached" maxLines=50
time=2025-07-14T17:14:38.494-03:00 level=ERROR msg="Max lines reached" maxLines=50
time=2025-07-14T17:14:38.647-03:00 level=ERROR msg="Max lines reached" maxLines=50
time=2025-07-14T17:14:38.699-03:00 level=ERROR msg="Max lines reached" maxLines=50
time=2025-07-14T17:14:38.859-03:00 level=ERROR msg="Max lines reached" maxLines=50
time=2025-07-14T17:14:39.076-03:00 level=ERROR msg="exif error" error="exif: failed to find exif intro marker"
time=2025-07-14T17:14:39.236-03:00 level=ERROR msg="exif error" error="exif: failed to find exif intro marker"
time=2025-07-14T17:14:40.010-03:00 level=ERROR msg="exif error" error="exif: failed to find exif intro marker"
time=2025-07-14T17:14:40.157-03:00 level=ERROR msg="exif error" error="exif: failed to find exif intro marker"
time=2025-07-14T17:14:41.164-03:00 level=ERROR msg="exif error" error="exif: failed to find exif intro marker"
time=2025-07-14T17:14:41.310-03:00 level=ERROR msg="exif error" error="exif: failed to find exif intro marker"
time=2025-07-14T17:14:42.108-03:00 level=ERROR msg="Max lines reached" maxLines=50
time=2025-07-14T17:14:42.256-03:00 level=ERROR msg="Max lines reached" maxLines=50
time=2025-07-14T17:14:42.306-03:00 level=ERROR msg="Max lines reached" maxLines=50
time=2025-07-14T17:14:42.450-03:00 level=ERROR msg="Max lines reached" maxLines=50
time=2025-07-14T17:14:42.670-03:00 level=ERROR msg="Max lines reached" maxLines=50
time=2025-07-14T17:14:42.852-03:00 level=ERROR msg="exif error" error="exif: failed to find exif intro marker"
time=2025-07-14T17:14:43.575-03:00 level=ERROR msg="exif error" error="exif: failed to find exif intro marker"
time=2025-07-14T17:14:43.749-03:00 level=ERROR msg="exif error" error="exif: failed to find exif intro marker"
time=2025-07-14T17:14:44.157-03:00 level=ERROR msg="exif error" error="exif: failed to find exif intro marker"
time=2025-07-14T17:14:45.635-03:00 level=ERROR msg="Max lines reached" maxLines=50
time=2025-07-14T17:14:45.790-03:00 level=ERROR msg="Max lines reached" maxLines=50
time=2025-07-14T17:14:45.853-03:00 level=ERROR msg="exif error" error=EOF
time=2025-07-14T17:14:45.997-03:00 level=ERROR msg="exif error" error=EOF
time=2025-07-14T17:14:46.292-03:00 level=ERROR msg="exif error" error=EOF
time=2025-07-14T17:14:46.440-03:00 level=ERROR msg="exif error" error=EOF
time=2025-07-14T17:14:46.487-03:00 level=ERROR msg="exif error" error=EOF
time=2025-07-14T17:14:46.644-03:00 level=ERROR msg="exif error" error=EOF
time=2025-07-14T17:14:46.717-03:00 level=ERROR msg="exif error" error=EOF
time=2025-07-14T17:14:46.863-03:00 level=ERROR msg="exif error" error=EOF
time=2025-07-14T17:14:47.088-03:00 level=ERROR msg="exif error" error=EOF
time=2025-07-14T17:14:47.248-03:00 level=ERROR msg="exif error" error=EOF
time=2025-07-14T17:14:47.310-03:00 level=ERROR msg="exif error" error="exif: failed to find exif intro marker"
time=2025-07-14T17:14:47.448-03:00 level=ERROR msg="exif error" error="exif: failed to find exif intro marker"
time=2025-07-14T17:14:47.510-03:00 level=ERROR msg="exif error" error="exif: failed to find exif intro marker"
time=2025-07-14T17:14:47.674-03:00 level=ERROR msg="exif error" error="exif: failed to find exif intro marker"
time=2025-07-14T17:14:50.211-03:00 level=ERROR msg="exif error" error=EOF
time=2025-07-14T17:14:50.363-03:00 level=ERROR msg="exif error" error=EOF
time=2025-07-14T17:14:51.047-03:00 level=ERROR msg="exif error" error=EOF
time=2025-07-14T17:14:51.838-03:00 level=ERROR msg="exif error" error="exif: failed to find exif intro marker"
time=2025-07-14T17:14:52.100-03:00 level=ERROR msg="exif error" error=EOF
time=2025-07-14T17:14:52.208-03:00 level=ERROR msg="exif error" error=EOF
time=2025-07-14T17:14:52.306-03:00 level=ERROR msg="exif error" error=EOF
time=2025-07-14T17:14:52.400-03:00 level=ERROR msg="exif error" error=EOF
time=2025-07-14T17:14:52.501-03:00 level=ERROR msg="exif error" error=EOF
time=2025-07-14T17:14:52.594-03:00 level=ERROR msg="exif error" error=EOF
time=2025-07-14T17:14:52.693-03:00 level=ERROR msg="exif error" error=EOF
time=2025-07-14T17:14:52.790-03:00 level=ERROR msg="exif error" error=EOF
time=2025-07-14T17:14:52.887-03:00 level=ERROR msg="exif error" error=EOF
time=2025-07-14T17:14:57.535-03:00 level=ERROR msg="exif error" error="exif: failed to find exif intro marker"
time=2025-07-14T17:14:58.793-03:00 level=ERROR msg="exif error" error="exif: failed to find exif intro marker"
time=2025-07-14T17:14:58.944-03:00 level=ERROR msg="exif error" error="exif: failed to find exif intro marker"
time=2025-07-14T17:14:59.276-03:00 level=ERROR msg="Max lines reached" maxLines=50
time=2025-07-14T17:14:59.431-03:00 level=ERROR msg="Max lines reached" maxLines=50
time=2025-07-14T17:15:01.073-03:00 level=ERROR msg="exif error" error="exif: failed to find exif intro marker"
time=2025-07-14T17:15:01.228-03:00 level=ERROR msg="exif error" error="exif: failed to find exif intro marker"
time=2025-07-14T17:15:01.569-03:00 level=ERROR msg="exif error" error="exif: failed to find exif intro marker"
time=2025-07-14T17:15:01.714-03:00 level=ERROR msg="exif error" error="exif: failed to find exif intro marker"
time=2025-07-14T17:15:01.812-03:00 level=ERROR msg="exif error" error=EOF
time=2025-07-14T17:15:01.964-03:00 level=ERROR msg="exif error" error=EOF
time=2025-07-14T17:15:02.073-03:00 level=ERROR msg="exif error" error=EOF
time=2025-07-14T17:15:02.224-03:00 level=ERROR msg="exif error" error=EOF
time=2025-07-14T17:15:02.345-03:00 level=ERROR msg="exif error" error="exif: failed to find exif intro marker"
time=2025-07-14T17:15:02.491-03:00 level=ERROR msg="exif error" error="exif: failed to find exif intro marker"
time=2025-07-14T17:15:02.600-03:00 level=ERROR msg="exif error" error=EOF
time=2025-07-14T17:15:02.754-03:00 level=ERROR msg="exif error" error=EOF
time=2025-07-14T17:15:02.856-03:00 level=ERROR msg="exif error" error=EOF
time=2025-07-14T17:15:03.009-03:00 level=ERROR msg="exif error" error=EOF
time=2025-07-14T17:15:03.132-03:00 level=ERROR msg="exif error" error="exif: failed to find exif intro marker"
time=2025-07-14T17:15:03.280-03:00 level=ERROR msg="exif error" error="exif: failed to find exif intro marker"
time=2025-07-14T17:15:03.404-03:00 level=ERROR msg="exif error" error="exif: failed to find exif intro marker"
time=2025-07-14T17:15:03.560-03:00 level=ERROR msg="exif error" error="exif: failed to find exif intro marker"
time=2025-07-14T17:15:03.656-03:00 level=ERROR msg="exif error" error="exif: failed to find exif intro marker"
time=2025-07-14T17:15:03.802-03:00 level=ERROR msg="exif error" error="exif: failed to find exif intro marker"
time=2025-07-14T17:15:03.897-03:00 level=ERROR msg="exif error" error=EOF
time=2025-07-14T17:15:04.045-03:00 level=ERROR msg="exif error" error=EOF
time=2025-07-14T17:15:04.172-03:00 level=ERROR msg="exif error" error="exif: failed to find exif intro marker"
time=2025-07-14T17:15:04.325-03:00 level=ERROR msg="exif error" error="exif: failed to find exif intro marker"
time=2025-07-14T17:15:04.466-03:00 level=ERROR msg="exif error" error="exif: failed to find exif intro marker"
time=2025-07-14T17:15:04.620-03:00 level=ERROR msg="exif error" error="exif: failed to find exif intro marker"
time=2025-07-14T17:15:04.869-03:00 level=ERROR msg="exif error" error="exif: failed to find exif intro marker"
time=2025-07-14T17:15:05.025-03:00 level=ERROR msg="exif error" error="exif: failed to find exif intro marker"
time=2025-07-14T17:15:06.357-03:00 level=ERROR msg="exif error" error="exif: failed to find exif intro marker"
time=2025-07-14T17:15:06.511-03:00 level=ERROR msg="exif error" error="exif: failed to find exif intro marker"
time=2025-07-14T17:15:07.086-03:00 level=ERROR msg="exif error" error="exif: failed to find exif intro marker"
time=2025-07-14T17:15:07.240-03:00 level=ERROR msg="exif error" error="exif: failed to find exif intro marker"
time=2025-07-14T17:15:07.631-03:00 level=ERROR msg="exif error" error="exif: failed to find exif intro marker"
time=2025-07-14T17:15:07.781-03:00 level=ERROR msg="exif error" error="exif: failed to find exif intro marker"
time=2025-07-14T17:15:08.267-03:00 level=ERROR msg="exif error" error="exif: failed to find exif intro marker"
time=2025-07-14T17:15:08.425-03:00 level=ERROR msg="exif error" error="exif: failed to find exif intro marker"
time=2025-07-14T17:15:08.486-03:00 level=ERROR msg="exif error" error="exif: failed to find exif intro marker"
time=2025-07-14T17:15:08.631-03:00 level=ERROR msg="exif error" error="exif: failed to find exif intro marker"
time=2025-07-14T17:15:24.430-03:00 level=ERROR msg="exif error" error="exif: failed to find exif intro marker"
time=2025-07-14T17:15:24.582-03:00 level=ERROR msg="exif error" error="exif: failed to find exif intro marker"
time=2025-07-14T17:15:24.902-03:00 level=ERROR msg="exif error" error="exif: failed to find exif intro marker"
time=2025-07-14T17:15:25.054-03:00 level=ERROR msg="exif error" error="exif: failed to find exif intro marker"
time=2025-07-14T17:15:25.278-03:00 level=ERROR msg="exif error" error="exif: failed to find exif intro marker"
time=2025-07-14T17:15:25.429-03:00 level=ERROR msg="exif error" error="exif: failed to find exif intro marker"
time=2025-07-14T17:15:25.625-03:00 level=ERROR msg="exif error" error="exif: failed to find exif intro marker"
time=2025-07-14T17:15:25.776-03:00 level=ERROR msg="exif error" error="exif: failed to find exif intro marker"
time=2025-07-14T17:15:25.821-03:00 level=ERROR msg="exif error" error=EOF
time=2025-07-14T17:15:25.971-03:00 level=ERROR msg="exif error" error=EOF
time=2025-07-14T17:15:26.109-03:00 level=ERROR msg="exif error" error="exif: failed to find exif intro marker"
time=2025-07-14T17:15:26.264-03:00 level=ERROR msg="exif error" error="exif: failed to find exif intro marker"
time=2025-07-14T17:15:26.334-03:00 level=ERROR msg="exif error" error="exif: failed to find exif intro marker"
time=2025-07-14T17:15:26.482-03:00 level=ERROR msg="exif error" error="exif: failed to find exif intro marker"
time=2025-07-14T17:15:26.643-03:00 level=ERROR msg="exif error" error="exif: failed to find exif intro marker"
time=2025-07-14T17:15:26.785-03:00 level=ERROR msg="exif error" error="exif: failed to find exif intro marker"
time=2025-07-14T17:15:27.397-03:00 level=ERROR msg="exif error" error="exif: failed to find exif intro marker"
time=2025-07-14T17:15:28.825-03:00 level=ERROR msg="exif error" error="exif: failed to find exif intro marker"
time=2025-07-14T17:15:28.915-03:00 level=ERROR msg="exif error" error="exif: failed to find exif intro marker"
time=2025-07-14T17:15:28.968-03:00 level=ERROR msg="exif error" error="exif: failed to find exif intro marker"
time=2025-07-14T17:15:29.046-03:00 level=ERROR msg="exif error" error="exif: failed to find exif intro marker"
time=2025-07-14T17:15:29.098-03:00 level=ERROR msg="exif error" error="exif: failed to find exif intro marker"
time=2025-07-14T17:15:29.213-03:00 level=ERROR msg="exif error" error="exif: failed to find exif intro marker"
time=2025-07-14T17:15:29.268-03:00 level=ERROR msg="exif error" error="exif: failed to find exif intro marker"
time=2025-07-14T17:15:29.322-03:00 level=ERROR msg="exif error" error="exif: failed to find exif intro marker"
time=2025-07-14T17:15:29.374-03:00 level=ERROR msg="exif error" error="exif: failed to find exif intro marker"
time=2025-07-14T17:15:29.429-03:00 level=ERROR msg="exif error" error="exif: failed to find exif intro marker"
time=2025-07-14T17:15:29.480-03:00 level=ERROR msg="exif error" error="exif: failed to find exif intro marker"
time=2025-07-14T17:15:31.589-03:00 level=ERROR msg="Command execution failed" retCode=1 error="exit status 1" output="config : The term 'config' is not recognized as the name of a cmdlet, function, script file, or operable program. Check the spelling of the name, or if a path was included, verify that the \r\npath is correct and try again.\r\nAt line:1 char:1\r\n+ config\r\n+ ~~~~~~\r\n    + CategoryInfo          : ObjectNotFound: (config:String) [], CommandNotFoundException\r\n    + FullyQualifiedErrorId : CommandNotFoundException\r\n \r\n"
time=2025-07-14T17:15:31.625-03:00 level=ERROR msg="exif error" error="exif: failed to find exif intro marker"
time=2025-07-14T17:15:31.672-03:00 level=ERROR msg="exif error" error="exif: failed to find exif intro marker"
time=2025-07-14T17:15:32.208-03:00 level=ERROR msg="exif error" error="exif: failed to find exif intro marker"
time=2025-07-14T17:15:32.740-03:00 level=ERROR msg="exif error" error="exif: failed to find exif intro marker"
time=2025-07-14T17:15:33.270-03:00 level=ERROR msg="exif error" error="exif: failed to find exif intro marker"
time=2025-07-14T17:15:33.797-03:00 level=ERROR msg="exif error" error="exif: failed to find exif intro marker"
time=2025-07-14T17:15:34.327-03:00 level=ERROR msg="exif error" error="exif: failed to find exif intro marker"
time=2025-07-14T17:15:34.867-03:00 level=ERROR msg="exif error" error="exif: failed to find exif intro marker"
time=2025-07-14T17:15:35.389-03:00 level=ERROR msg="exif error" error="exif: failed to find exif intro marker"
time=2025-07-14T17:15:35.926-03:00 level=ERROR msg="exif error" error="exif: failed to find exif intro marker"
time=2025-07-14T17:15:36.450-03:00 level=ERROR msg="exif error" error="exif: failed to find exif intro marker"
time=2025-07-14T17:15:36.988-03:00 level=ERROR msg="exif error" error="exif: failed to find exif intro marker"
time=2025-07-14T17:15:37.506-03:00 level=ERROR msg="exif error" error="exif: failed to find exif intro marker"
time=2025-07-14T17:15:38.044-03:00 level=ERROR msg="exif error" error="exif: failed to find exif intro marker"
time=2025-07-14T17:15:38.569-03:00 level=ERROR msg="exif error" error="exif: failed to find exif intro marker"
time=2025-07-14T17:15:39.118-03:00 level=ERROR msg="exif error" error="exif: failed to find exif intro marker"
time=2025-07-14T17:15:39.642-03:00 level=ERROR msg="exif error" error="exif: failed to find exif intro marker"
time=2025-07-14T17:15:40.162-03:00 level=ERROR msg="exif error" error="exif: failed to find exif intro marker"
time=2025-07-14T17:15:40.691-03:00 level=ERROR msg="exif error" error="exif: failed to find exif intro marker"
time=2025-07-14T17:15:41.223-03:00 level=ERROR msg="exif error" error="exif: failed to find exif intro marker"
time=2025-07-14T17:15:41.753-03:00 level=ERROR msg="exif error" error="exif: failed to find exif intro marker"
time=2025-07-14T17:15:42.284-03:00 level=ERROR msg="exif error" error="exif: failed to find exif intro marker"
time=2025-07-14T17:15:42.811-03:00 level=ERROR msg="exif error" error="exif: failed to find exif intro marker"
time=2025-07-14T17:15:43.342-03:00 level=ERROR msg="exif error" error="exif: failed to find exif intro marker"
time=2025-07-14T17:15:43.873-03:00 level=ERROR msg="exif error" error="exif: failed to find exif intro marker"
time=2025-07-14T17:15:44.403-03:00 level=ERROR msg="exif error" error="exif: failed to find exif intro marker"
time=2025-07-14T17:15:44.932-03:00 level=ERROR msg="exif error" error="exif: failed to find exif intro marker"
time=2025-07-14T17:15:45.463-03:00 level=ERROR msg="exif error" error="exif: failed to find exif intro marker"
time=2025-07-14T17:15:45.992-03:00 level=ERROR msg="exif error" error="exif: failed to find exif intro marker"
time=2025-07-14T17:15:46.532-03:00 level=ERROR msg="exif error" error="exif: failed to find exif intro marker"
time=2025-07-14T17:15:47.059-03:00 level=ERROR msg="exif error" error="exif: failed to find exif intro marker"
time=2025-07-14T17:15:47.585-03:00 level=ERROR msg="exif error" error="exif: failed to find exif intro marker"
time=2025-07-14T17:15:48.120-03:00 level=ERROR msg="exif error" error="exif: failed to find exif intro marker"
time=2025-07-14T17:15:48.652-03:00 level=ERROR msg="exif error" error="exif: failed to find exif intro marker"
time=2025-07-14T17:15:49.187-03:00 level=ERROR msg="exif error" error="exif: failed to find exif intro marker"
time=2025-07-14T17:15:49.710-03:00 level=ERROR msg="exif error" error="exif: failed to find exif intro marker"
time=2025-07-14T17:15:50.236-03:00 level=ERROR msg="exif error" error="exif: failed to find exif intro marker"
time=2025-07-14T17:15:50.775-03:00 level=ERROR msg="exif error" error="exif: failed to find exif intro marker"
time=2025-07-14T17:15:51.306-03:00 level=ERROR msg="exif error" error="exif: failed to find exif intro marker"
time=2025-07-14T17:15:51.842-03:00 level=ERROR msg="exif error" error="exif: failed to find exif intro marker"
time=2025-07-14T17:15:52.359-03:00 level=ERROR msg="exif error" error="exif: failed to find exif intro marker"
time=2025-07-14T17:15:52.889-03:00 level=ERROR msg="exif error" error="exif: failed to find exif intro marker"
time=2025-07-14T17:15:53.418-03:00 level=ERROR msg="exif error" error="exif: failed to find exif intro marker"
time=2025-07-14T17:15:53.965-03:00 level=ERROR msg="exif error" error="exif: failed to find exif intro marker"
time=2025-07-14T17:15:54.482-03:00 level=ERROR msg="exif error" error="exif: failed to find exif intro marker"
time=2025-07-14T17:15:55.016-03:00 level=ERROR msg="exif error" error="exif: failed to find exif intro marker"
time=2025-07-14T17:15:55.544-03:00 level=ERROR msg="exif error" error="exif: failed to find exif intro marker"
time=2025-07-14T17:15:56.071-03:00 level=ERROR msg="exif error" error="exif: failed to find exif intro marker"
time=2025-07-14T17:15:56.611-03:00 level=ERROR msg="exif error" error="exif: failed to find exif intro marker"
time=2025-07-14T17:15:57.133-03:00 level=ERROR msg="exif error" error="exif: failed to find exif intro marker"
time=2025-07-14T17:15:57.664-03:00 level=ERROR msg="exif error" error="exif: failed to find exif intro marker"
time=2025-07-14T17:15:58.191-03:00 level=ERROR msg="exif error" error="exif: failed to find exif intro marker"
time=2025-07-14T17:15:58.726-03:00 level=ERROR msg="exif error" error="exif: failed to find exif intro marker"
time=2025-07-14T17:15:59.256-03:00 level=ERROR msg="exif error" error="exif: failed to find exif intro marker"
time=2025-07-14T17:15:59.783-03:00 level=ERROR msg="exif error" error="exif: failed to find exif intro marker"
time=2025-07-14T17:16:00.324-03:00 level=ERROR msg="exif error" error="exif: failed to find exif intro marker"
time=2025-07-14T17:16:00.844-03:00 level=ERROR msg="exif error" error="exif: failed to find exif intro marker"
time=2025-07-14T17:16:01.378-03:00 level=ERROR msg="exif error" error="exif: failed to find exif intro marker"
time=2025-07-14T17:16:01.906-03:00 level=ERROR msg="exif error" error="exif: failed to find exif intro marker"
time=2025-07-14T17:16:02.445-03:00 level=ERROR msg="exif error" error="exif: failed to find exif intro marker"
time=2025-07-14T17:16:02.971-03:00 level=ERROR msg="exif error" error="exif: failed to find exif intro marker"
time=2025-07-14T17:16:03.501-03:00 level=ERROR msg="exif error" error="exif: failed to find exif intro marker"
time=2025-07-14T17:16:04.035-03:00 level=ERROR msg="exif error" error="exif: failed to find exif intro marker"
time=2025-07-14T17:16:04.565-03:00 level=ERROR msg="exif error" error="exif: failed to find exif intro marker"
time=2025-07-14T17:16:05.089-03:00 level=ERROR msg="exif error" error="exif: failed to find exif intro marker"
time=2025-07-14T17:16:05.620-03:00 level=ERROR msg="exif error" error="exif: failed to find exif intro marker"
time=2025-07-14T17:16:06.150-03:00 level=ERROR msg="exif error" error="exif: failed to find exif intro marker"
time=2025-07-14T17:16:06.688-03:00 level=ERROR msg="exif error" error="exif: failed to find exif intro marker"
time=2025-07-14T17:16:07.211-03:00 level=ERROR msg="exif error" error="exif: failed to find exif intro marker"
time=2025-07-14T17:16:07.743-03:00 level=ERROR msg="exif error" error="exif: failed to find exif intro marker"
time=2025-07-14T17:16:08.272-03:00 level=ERROR msg="exif error" error="exif: failed to find exif intro marker"
time=2025-07-14T17:16:08.805-03:00 level=ERROR msg="exif error" error="exif: failed to find exif intro marker"
time=2025-07-14T17:16:09.333-03:00 level=ERROR msg="exif error" error="exif: failed to find exif intro marker"
time=2025-07-14T17:16:09.876-03:00 level=ERROR msg="exif error" error="exif: failed to find exif intro marker"
time=2025-07-14T17:16:10.396-03:00 level=ERROR msg="exif error" error="exif: failed to find exif intro marker"
time=2025-07-14T17:16:10.931-03:00 level=ERROR msg="exif error" error="exif: failed to find exif intro marker"
time=2025-07-14T17:16:11.453-03:00 level=ERROR msg="exif error" error="exif: failed to find exif intro marker"
time=2025-07-14T17:16:11.983-03:00 level=ERROR msg="exif error" error="exif: failed to find exif intro marker"
time=2025-07-14T17:16:12.517-03:00 level=ERROR msg="exif error" error="exif: failed to find exif intro marker"
time=2025-07-14T17:16:13.041-03:00 level=ERROR msg="exif error" error="exif: failed to find exif intro marker"
time=2025-07-14T17:16:13.579-03:00 level=ERROR msg="exif error" error="exif: failed to find exif intro marker"
time=2025-07-14T17:16:14.109-03:00 level=ERROR msg="exif error" error="exif: failed to find exif intro marker"
time=2025-07-14T17:16:14.635-03:00 level=ERROR msg="exif error" error="exif: failed to find exif intro marker"
time=2025-07-14T17:16:15.167-03:00 level=ERROR msg="exif error" error="exif: failed to find exif intro marker"
time=2025-07-14T17:16:15.698-03:00 level=ERROR msg="exif error" error="exif: failed to find exif intro marker"
time=2025-07-14T17:16:16.227-03:00 level=ERROR msg="exif error" error="exif: failed to find exif intro marker"
time=2025-07-14T17:16:16.761-03:00 level=ERROR msg="exif error" error="exif: failed to find exif intro marker"
time=2025-07-14T17:16:17.288-03:00 level=ERROR msg="exif error" error="exif: failed to find exif intro marker"
time=2025-07-14T17:16:17.820-03:00 level=ERROR msg="exif error" error="exif: failed to find exif intro marker"
time=2025-07-14T17:16:18.354-03:00 level=ERROR msg="exif error" error="exif: failed to find exif intro marker"
time=2025-07-14T17:16:18.886-03:00 level=ERROR msg="exif error" error="exif: failed to find exif intro marker"
time=2025-07-14T17:16:19.418-03:00 level=ERROR msg="exif error" error="exif: failed to find exif intro marker"
time=2025-07-14T17:16:19.941-03:00 level=ERROR msg="exif error" error="exif: failed to find exif intro marker"
time=2025-07-14T17:16:20.470-03:00 level=ERROR msg="exif error" error="exif: failed to find exif intro marker"
time=2025-07-14T17:16:21.002-03:00 level=ERROR msg="exif error" error="exif: failed to find exif intro marker"
time=2025-07-14T17:16:21.533-03:00 level=ERROR msg="exif error" error="exif: failed to find exif intro marker"
time=2025-07-14T17:16:22.059-03:00 level=ERROR msg="exif error" error="exif: failed to find exif intro marker"
time=2025-07-14T17:16:22.590-03:00 level=ERROR msg="exif error" error="exif: failed to find exif intro marker"
time=2025-07-14T17:16:23.129-03:00 level=ERROR msg="exif error" error="exif: failed to find exif intro marker"
time=2025-07-14T17:16:23.652-03:00 level=ERROR msg="exif error" error="exif: failed to find exif intro marker"
time=2025-07-14T17:16:24.202-03:00 level=ERROR msg="exif error" error="exif: failed to find exif intro marker"
time=2025-07-14T17:16:24.716-03:00 level=ERROR msg="exif error" error="exif: failed to find exif intro marker"
time=2025-07-14T17:16:25.243-03:00 level=ERROR msg="exif error" error="exif: failed to find exif intro marker"
time=2025-07-14T17:16:25.771-03:00 level=ERROR msg="exif error" error="exif: failed to find exif intro marker"
time=2025-07-14T17:16:26.307-03:00 level=ERROR msg="exif error" error="exif: failed to find exif intro marker"
time=2025-07-14T17:16:26.837-03:00 level=ERROR msg="exif error" error="exif: failed to find exif intro marker"
time=2025-07-14T17:16:27.372-03:00 level=ERROR msg="exif error" error="exif: failed to find exif intro marker"
time=2025-07-14T17:16:27.899-03:00 level=ERROR msg="exif error" error="exif: failed to find exif intro marker"
time=2025-07-14T17:16:28.430-03:00 level=ERROR msg="exif error" error="exif: failed to find exif intro marker"
time=2025-07-14T17:16:28.956-03:00 level=ERROR msg="exif error" error="exif: failed to find exif intro marker"
time=2025-07-14T17:16:29.486-03:00 level=ERROR msg="exif error" error="exif: failed to find exif intro marker"
time=2025-07-14T17:16:30.020-03:00 level=ERROR msg="exif error" error="exif: failed to find exif intro marker"
time=2025-07-14T17:16:30.553-03:00 level=ERROR msg="exif error" error="exif: failed to find exif intro marker"
time=2025-07-14T17:16:31.082-03:00 level=ERROR msg="exif error" error="exif: failed to find exif intro marker"
time=2025-07-14T17:16:31.612-03:00 level=ERROR msg="exif error" error="exif: failed to find exif intro marker"
time=2025-07-14T17:16:32.140-03:00 level=ERROR msg="exif error" error="exif: failed to find exif intro marker"
time=2025-07-14T17:16:32.674-03:00 level=ERROR msg="exif error" error="exif: failed to find exif intro marker"
time=2025-07-14T17:16:33.201-03:00 level=ERROR msg="exif error" error="exif: failed to find exif intro marker"
time=2025-07-14T17:16:33.731-03:00 level=ERROR msg="exif error" error="exif: failed to find exif intro marker"
time=2025-07-14T17:16:34.260-03:00 level=ERROR msg="exif error" error="exif: failed to find exif intro marker"
time=2025-07-14T17:16:34.793-03:00 level=ERROR msg="exif error" error="exif: failed to find exif intro marker"
time=2025-07-14T17:16:35.322-03:00 level=ERROR msg="exif error" error="exif: failed to find exif intro marker"
time=2025-07-14T17:16:35.855-03:00 level=ERROR msg="exif error" error="exif: failed to find exif intro marker"
time=2025-07-14T17:16:36.378-03:00 level=ERROR msg="exif error" error="exif: failed to find exif intro marker"
time=2025-07-14T17:16:36.912-03:00 level=ERROR msg="exif error" error="exif: failed to find exif intro marker"
time=2025-07-14T17:16:37.446-03:00 level=ERROR msg="exif error" error="exif: failed to find exif intro marker"
time=2025-07-14T17:16:37.973-03:00 level=ERROR msg="exif error" error="exif: failed to find exif intro marker"
time=2025-07-14T17:16:38.503-03:00 level=ERROR msg="exif error" error="exif: failed to find exif intro marker"
time=2025-07-14T17:16:39.034-03:00 level=ERROR msg="exif error" error="exif: failed to find exif intro marker"
time=2025-07-14T17:16:39.568-03:00 level=ERROR msg="exif error" error="exif: failed to find exif intro marker"
time=2025-07-14T17:16:40.101-03:00 level=ERROR msg="exif error" error="exif: failed to find exif intro marker"
time=2025-07-14T17:16:40.630-03:00 level=ERROR msg="exif error" error="exif: failed to find exif intro marker"
time=2025-07-14T17:16:41.170-03:00 level=ERROR msg="exif error" error="exif: failed to find exif intro marker"
time=2025-07-14T17:16:41.687-03:00 level=ERROR msg="exif error" error="exif: failed to find exif intro marker"
time=2025-07-14T17:16:42.236-03:00 level=ERROR msg="exif error" error="exif: failed to find exif intro marker"
time=2025-07-14T17:16:42.743-03:00 level=ERROR msg="exif error" error="exif: failed to find exif intro marker"
time=2025-07-14T17:16:43.274-03:00 level=ERROR msg="exif error" error="exif: failed to find exif intro marker"
time=2025-07-14T17:16:43.807-03:00 level=ERROR msg="exif error" error="exif: failed to find exif intro marker"
time=2025-07-14T17:16:44.358-03:00 level=ERROR msg="exif error" error="exif: failed to find exif intro marker"
time=2025-07-14T17:16:44.871-03:00 level=ERROR msg="exif error" error="exif: failed to find exif intro marker"
time=2025-07-14T17:16:45.404-03:00 level=ERROR msg="exif error" error="exif: failed to find exif intro marker"
time=2025-07-14T17:16:45.928-03:00 level=ERROR msg="exif error" error="exif: failed to find exif intro marker"
time=2025-07-14T17:16:46.463-03:00 level=ERROR msg="exif error" error="exif: failed to find exif intro marker"
time=2025-07-14T17:16:46.995-03:00 level=ERROR msg="exif error" error="exif: failed to find exif intro marker"
time=2025-07-14T17:16:47.521-03:00 level=ERROR msg="exif error" error="exif: failed to find exif intro marker"
time=2025-07-14T17:16:48.052-03:00 level=ERROR msg="exif error" error="exif: failed to find exif intro marker"
time=2025-07-14T17:16:48.589-03:00 level=ERROR msg="exif error" error="exif: failed to find exif intro marker"
time=2025-07-14T17:16:49.113-03:00 level=ERROR msg="exif error" error="exif: failed to find exif intro marker"
time=2025-07-14T17:16:49.639-03:00 level=ERROR msg="exif error" error="exif: failed to find exif intro marker"
time=2025-07-14T17:16:50.169-03:00 level=ERROR msg="exif error" error="exif: failed to find exif intro marker"
time=2025-07-14T17:16:50.703-03:00 level=ERROR msg="exif error" error="exif: failed to find exif intro marker"
time=2025-07-14T17:16:51.231-03:00 level=ERROR msg="exif error" error="exif: failed to find exif intro marker"
time=2025-07-14T17:16:51.763-03:00 level=ERROR msg="exif error" error="exif: failed to find exif intro marker"
time=2025-07-14T17:16:52.297-03:00 level=ERROR msg="exif error" error="exif: failed to find exif intro marker"
time=2025-07-14T17:16:52.822-03:00 level=ERROR msg="exif error" error="exif: failed to find exif intro marker"
time=2025-07-14T17:16:53.350-03:00 level=ERROR msg="exif error" error="exif: failed to find exif intro marker"
time=2025-07-14T17:16:53.881-03:00 level=ERROR msg="exif error" error="exif: failed to find exif intro marker"
time=2025-07-14T17:16:54.415-03:00 level=ERROR msg="exif error" error="exif: failed to find exif intro marker"
time=2025-07-14T17:16:54.948-03:00 level=ERROR msg="exif error" error="exif: failed to find exif intro marker"
time=2025-07-14T17:16:55.475-03:00 level=ERROR msg="exif error" error="exif: failed to find exif intro marker"
time=2025-07-14T17:16:56.005-03:00 level=ERROR msg="exif error" error="exif: failed to find exif intro marker"
time=2025-07-14T17:16:56.536-03:00 level=ERROR msg="exif error" error="exif: failed to find exif intro marker"
time=2025-07-14T17:16:57.067-03:00 level=ERROR msg="exif error" error="exif: failed to find exif intro marker"
time=2025-07-14T17:16:57.599-03:00 level=ERROR msg="exif error" error="exif: failed to find exif intro marker"
time=2025-07-14T17:16:58.135-03:00 level=ERROR msg="exif error" error="exif: failed to find exif intro marker"
time=2025-07-14T17:16:58.658-03:00 level=ERROR msg="exif error" error="exif: failed to find exif intro marker"
time=2025-07-14T17:16:59.183-03:00 level=ERROR msg="exif error" error="exif: failed to find exif intro marker"
time=2025-07-14T17:16:59.714-03:00 level=ERROR msg="exif error" error="exif: failed to find exif intro marker"
time=2025-07-14T17:17:00.247-03:00 level=ERROR msg="exif error" error="exif: failed to find exif intro marker"
time=2025-07-14T17:17:00.776-03:00 level=ERROR msg="exif error" error="exif: failed to find exif intro marker"
time=2025-07-14T17:17:01.309-03:00 level=ERROR msg="exif error" error="exif: failed to find exif intro marker"
time=2025-07-14T17:17:01.835-03:00 level=ERROR msg="exif error" error="exif: failed to find exif intro marker"
time=2025-07-14T17:17:02.369-03:00 level=ERROR msg="exif error" error="exif: failed to find exif intro marker"
time=2025-07-14T17:17:02.897-03:00 level=ERROR msg="exif error" error="exif: failed to find exif intro marker"
time=2025-07-14T17:17:03.429-03:00 level=ERROR msg="exif error" error="exif: failed to find exif intro marker"
time=2025-07-14T17:17:03.956-03:00 level=ERROR msg="exif error" error="exif: failed to find exif intro marker"
time=2025-07-14T17:17:04.503-03:00 level=ERROR msg="exif error" error="exif: failed to find exif intro marker"
time=2025-07-14T17:17:05.020-03:00 level=ERROR msg="exif error" error="exif: failed to find exif intro marker"
time=2025-07-14T17:17:05.548-03:00 level=ERROR msg="exif error" error="exif: failed to find exif intro marker"
time=2025-07-14T17:17:06.085-03:00 level=ERROR msg="exif error" error="exif: failed to find exif intro marker"
time=2025-07-14T17:17:06.611-03:00 level=ERROR msg="exif error" error="exif: failed to find exif intro marker"
time=2025-07-14T17:17:07.139-03:00 level=ERROR msg="exif error" error="exif: failed to find exif intro marker"
time=2025-07-14T17:17:07.673-03:00 level=ERROR msg="exif error" error="exif: failed to find exif intro marker"
time=2025-07-14T17:17:08.204-03:00 level=ERROR msg="exif error" error="exif: failed to find exif intro marker"
time=2025-07-14T17:17:08.736-03:00 level=ERROR msg="exif error" error="exif: failed to find exif intro marker"
time=2025-07-14T17:17:09.268-03:00 level=ERROR msg="exif error" error="exif: failed to find exif intro marker"
time=2025-07-14T17:17:09.797-03:00 level=ERROR msg="exif error" error="exif: failed to find exif intro marker"
time=2025-07-14T17:17:10.325-03:00 level=ERROR msg="exif error" error="exif: failed to find exif intro marker"
time=2025-07-14T17:17:10.859-03:00 level=ERROR msg="exif error" error="exif: failed to find exif intro marker"
time=2025-07-14T17:17:11.383-03:00 level=ERROR msg="exif error" error="exif: failed to find exif intro marker"
time=2025-07-14T17:17:11.917-03:00 level=ERROR msg="exif error" error="exif: failed to find exif intro marker"
time=2025-07-14T17:17:12.443-03:00 level=ERROR msg="exif error" error="exif: failed to find exif intro marker"
time=2025-07-14T17:17:12.976-03:00 level=ERROR msg="exif error" error="exif: failed to find exif intro marker"
time=2025-07-14T17:17:13.509-03:00 level=ERROR msg="exif error" error="exif: failed to find exif intro marker"
time=2025-07-14T17:17:14.033-03:00 level=ERROR msg="exif error" error="exif: failed to find exif intro marker"
time=2025-07-14T17:17:14.569-03:00 level=ERROR msg="exif error" error="exif: failed to find exif intro marker"
time=2025-07-14T17:17:15.095-03:00 level=ERROR msg="exif error" error="exif: failed to find exif intro marker"
time=2025-07-14T17:17:15.626-03:00 level=ERROR msg="exif error" error="exif: failed to find exif intro marker"
time=2025-07-14T17:17:16.162-03:00 level=ERROR msg="exif error" error="exif: failed to find exif intro marker"
time=2025-07-14T17:17:16.686-03:00 level=ERROR msg="exif error" error="exif: failed to find exif intro marker"
time=2025-07-14T17:17:17.224-03:00 level=ERROR msg="exif error" error="exif: failed to find exif intro marker"
time=2025-07-14T17:17:17.752-03:00 level=ERROR msg="exif error" error="exif: failed to find exif intro marker"
time=2025-07-14T17:17:18.281-03:00 level=ERROR msg="exif error" error="exif: failed to find exif intro marker"
time=2025-07-14T17:17:18.812-03:00 level=ERROR msg="exif error" error="exif: failed to find exif intro marker"
time=2025-07-14T17:17:19.337-03:00 level=ERROR msg="exif error" error="exif: failed to find exif intro marker"
time=2025-07-14T17:17:19.882-03:00 level=ERROR msg="exif error" error="exif: failed to find exif intro marker"
time=2025-07-14T17:17:20.403-03:00 level=ERROR msg="exif error" error="exif: failed to find exif intro marker"
time=2025-07-14T17:17:20.941-03:00 level=ERROR msg="exif error" error="exif: failed to find exif intro marker"
time=2025-07-14T17:17:21.466-03:00 level=ERROR msg="exif error" error="exif: failed to find exif intro marker"
time=2025-07-14T17:17:21.991-03:00 level=ERROR msg="exif error" error="exif: failed to find exif intro marker"
time=2025-07-14T17:17:22.529-03:00 level=ERROR msg="exif error" error="exif: failed to find exif intro marker"
time=2025-07-14T17:17:23.052-03:00 level=ERROR msg="exif error" error="exif: failed to find exif intro marker"
time=2025-07-14T17:17:23.590-03:00 level=ERROR msg="exif error" error="exif: failed to find exif intro marker"
time=2025-07-14T17:17:24.117-03:00 level=ERROR msg="exif error" error="exif: failed to find exif intro marker"
time=2025-07-14T17:17:24.641-03:00 level=ERROR msg="exif error" error="exif: failed to find exif intro marker"
time=2025-07-14T17:17:25.172-03:00 level=ERROR msg="exif error" error="exif: failed to find exif intro marker"
time=2025-07-14T17:17:25.702-03:00 level=ERROR msg="exif error" error="exif: failed to find exif intro marker"
time=2025-07-14T17:17:26.235-03:00 level=ERROR msg="exif error" error="exif: failed to find exif intro marker"
time=2025-07-14T17:17:26.766-03:00 level=ERROR msg="exif error" error="exif: failed to find exif intro marker"
time=2025-07-14T17:17:27.312-03:00 level=ERROR msg="exif error" error="exif: failed to find exif intro marker"
time=2025-07-14T17:17:27.824-03:00 level=ERROR msg="exif error" error="exif: failed to find exif intro marker"
time=2025-07-14T17:17:28.355-03:00 level=ERROR msg="exif error" error="exif: failed to find exif intro marker"
time=2025-07-14T17:17:28.903-03:00 level=ERROR msg="exif error" error="exif: failed to find exif intro marker"
time=2025-07-14T17:17:29.420-03:00 level=ERROR msg="exif error" error="exif: failed to find exif intro marker"
time=2025-07-14T17:17:29.947-03:00 level=ERROR msg="exif error" error="exif: failed to find exif intro marker"
time=2025-07-14T17:17:30.480-03:00 level=ERROR msg="exif error" error="exif: failed to find exif intro marker"
time=2025-07-14T17:17:31.009-03:00 level=ERROR msg="exif error" error="exif: failed to find exif intro marker"
time=2025-07-14T17:17:31.535-03:00 level=ERROR msg="exif error" error="exif: failed to find exif intro marker"
time=2025-07-14T17:17:32.072-03:00 level=ERROR msg="exif error" error="exif: failed to find exif intro marker"
time=2025-07-14T17:17:32.604-03:00 level=ERROR msg="exif error" error="exif: failed to find exif intro marker"
time=2025-07-14T17:17:33.131-03:00 level=ERROR msg="exif error" error="exif: failed to find exif intro marker"
time=2025-07-14T17:17:33.658-03:00 level=ERROR msg="exif error" error="exif: failed to find exif intro marker"
time=2025-07-14T17:17:34.192-03:00 level=ERROR msg="exif error" error="exif: failed to find exif intro marker"
time=2025-07-14T17:17:34.723-03:00 level=ERROR msg="exif error" error="exif: failed to find exif intro marker"
time=2025-07-14T17:17:35.257-03:00 level=ERROR msg="exif error" error="exif: failed to find exif intro marker"
time=2025-07-14T17:17:35.788-03:00 level=ERROR msg="exif error" error="exif: failed to find exif intro marker"
time=2025-07-14T17:17:36.313-03:00 level=ERROR msg="exif error" error="exif: failed to find exif intro marker"
time=2025-07-14T17:17:36.839-03:00 level=ERROR msg="exif error" error="exif: failed to find exif intro marker"
time=2025-07-14T17:17:37.378-03:00 level=ERROR msg="exif error" error="exif: failed to find exif intro marker"
time=2025-07-14T17:17:37.901-03:00 level=ERROR msg="exif error" error="exif: failed to find exif intro marker"
time=2025-07-14T17:17:38.436-03:00 level=ERROR msg="exif error" error="exif: failed to find exif intro marker"
time=2025-07-14T17:17:38.971-03:00 level=ERROR msg="exif error" error="exif: failed to find exif intro marker"
time=2025-07-14T17:17:39.495-03:00 level=ERROR msg="exif error" error="exif: failed to find exif intro marker"
time=2025-07-14T17:17:40.018-03:00 level=ERROR msg="exif error" error="exif: failed to find exif intro marker"
time=2025-07-14T17:17:40.552-03:00 level=ERROR msg="exif error" error="exif: failed to find exif intro marker"
time=2025-07-14T17:17:41.083-03:00 level=ERROR msg="exif error" error="exif: failed to find exif intro marker"
time=2025-07-14T17:17:41.615-03:00 level=ERROR msg="exif error" error="exif: failed to find exif intro marker"
time=2025-07-14T17:17:42.145-03:00 level=ERROR msg="exif error" error="exif: failed to find exif intro marker"
time=2025-07-14T17:17:42.677-03:00 level=ERROR msg="exif error" error="exif: failed to find exif intro marker"
time=2025-07-14T17:17:43.207-03:00 level=ERROR msg="exif error" error="exif: failed to find exif intro marker"
time=2025-07-14T17:17:43.734-03:00 level=ERROR msg="exif error" error="exif: failed to find exif intro marker"
time=2025-07-14T17:17:44.268-03:00 level=ERROR msg="exif error" error="exif: failed to find exif intro marker"
time=2025-07-14T17:17:44.796-03:00 level=ERROR msg="exif error" error="exif: failed to find exif intro marker"
time=2025-07-14T17:17:45.327-03:00 level=ERROR msg="exif error" error="exif: failed to find exif intro marker"
time=2025-07-14T17:17:45.859-03:00 level=ERROR msg="exif error" error="exif: failed to find exif intro marker"
time=2025-07-14T17:17:46.388-03:00 level=ERROR msg="exif error" error="exif: failed to find exif intro marker"
time=2025-07-14T17:17:46.928-03:00 level=ERROR msg="exif error" error="exif: failed to find exif intro marker"
time=2025-07-14T17:17:46.988-03:00 level=ERROR msg="exif error" error="exif: failed to find exif intro marker"
time=2025-07-14T17:17:47.057-03:00 level=ERROR msg="exif error" error="exif: failed to find exif intro marker"
time=2025-07-14T17:17:47.448-03:00 level=ERROR msg="exif error" error="exif: failed to find exif intro marker"
time=2025-07-14T17:17:47.862-03:00 level=ERROR msg="exif error" error="exif: failed to find exif intro marker"
time=2025-07-14T17:17:47.914-03:00 level=ERROR msg="exif error" error="exif: failed to find exif intro marker"
time=2025-07-14T17:17:48.133-03:00 level=ERROR msg="exif error" error="exif: failed to find exif intro marker"
time=2025-07-14T17:17:48.392-03:00 level=ERROR msg="exif error" error="exif: failed to find exif intro marker"
time=2025-07-14T17:17:49.486-03:00 level=ERROR msg="exif error" error="exif: failed to find exif intro marker"
time=2025-07-14T17:17:49.664-03:00 level=ERROR msg="exif error" error="exif: failed to find exif intro marker"
time=2025-07-14T17:17:50.181-03:00 level=ERROR msg="exif error" error="exif: failed to find exif intro marker"
time=2025-07-14T17:17:50.354-03:00 level=ERROR msg="exif error" error="exif: failed to find exif intro marker"
time=2025-07-14T17:17:50.431-03:00 level=ERROR msg="exif error" error="exif: failed to find exif intro marker"
time=2025-07-14T17:17:50.718-03:00 level=ERROR msg="exif error" error="exif: failed to find exif intro marker"
time=2025-07-14T17:17:50.892-03:00 level=ERROR msg="exif error" error="exif: failed to find exif intro marker"
time=2025-07-14T17:17:50.947-03:00 level=ERROR msg="exif error" error="exif: failed to find exif intro marker"
time=2025-07-14T17:17:51.423-03:00 level=ERROR msg="exif error" error="exif: failed to find exif intro marker"
time=2025-07-14T17:17:51.473-03:00 level=ERROR msg="exif error" error="exif: failed to find exif intro marker"
time=2025-07-14T17:17:51.523-03:00 level=ERROR msg="exif error" error="exif: failed to find exif intro marker"
time=2025-07-14T17:19:49.473-03:00 level=ERROR msg="Max lines reached" maxLines=50
time=2025-07-14T17:19:49.646-03:00 level=ERROR msg="Max lines reached" maxLines=50
time=2025-07-14T17:19:49.796-03:00 level=ERROR msg="Max lines reached" maxLines=50
time=2025-07-14T17:19:49.965-03:00 level=ERROR msg="Max lines reached" maxLines=50
time=2025-07-14T17:19:50.236-03:00 level=ERROR msg="Max lines reached" maxLines=50
time=2025-07-14T17:19:51.121-03:00 level=ERROR msg="Max lines reached" maxLines=50
time=2025-07-14T17:19:51.295-03:00 level=ERROR msg="Max lines reached" maxLines=50
time=2025-07-14T17:19:52.689-03:00 level=ERROR msg="Max lines reached" maxLines=50
time=2025-07-14T17:19:52.853-03:00 level=ERROR msg="Max lines reached" maxLines=50
time=2025-07-14T17:19:53.341-03:00 level=ERROR msg="Max lines reached" maxLines=50
time=2025-07-14T17:19:53.519-03:00 level=ERROR msg="Max lines reached" maxLines=50
time=2025-07-14T17:19:53.966-03:00 level=ERROR msg="Max lines reached" maxLines=50
time=2025-07-14T17:19:54.135-03:00 level=ERROR msg="Max lines reached" maxLines=50
time=2025-07-14T17:19:54.449-03:00 level=ERROR msg="Max lines reached" maxLines=50
time=2025-07-14T17:19:54.615-03:00 level=ERROR msg="Max lines reached" maxLines=50
time=2025-07-14T17:19:54.752-03:00 level=ERROR msg="Max lines reached" maxLines=50
time=2025-07-14T17:19:54.928-03:00 level=ERROR msg="Max lines reached" maxLines=50
time=2025-07-14T17:19:59.980-03:00 level=ERROR msg="Max lines reached" maxLines=50
time=2025-07-14T17:20:00.150-03:00 level=ERROR msg="Max lines reached" maxLines=50
time=2025-07-14T17:20:00.684-03:00 level=ERROR msg="Max lines reached" maxLines=50
time=2025-07-14T17:20:05.455-03:00 level=ERROR msg="Max lines reached" maxLines=50
time=2025-07-14T17:20:05.491-03:00 level=ERROR msg="Max lines reached" maxLines=50
time=2025-07-14T17:20:05.528-03:00 level=ERROR msg="Max lines reached" maxLines=50
time=2025-07-14T17:20:05.565-03:00 level=ERROR msg="Max lines reached" maxLines=50
time=2025-07-14T17:20:05.586-03:00 level=ERROR msg="Max lines reached" maxLines=50
time=2025-07-14T17:20:05.621-03:00 level=ERROR msg="Max lines reached" maxLines=50
time=2025-07-14T17:20:05.644-03:00 level=ERROR msg="Max lines reached" maxLines=50
time=2025-07-14T17:20:05.677-03:00 level=ERROR msg="Max lines reached" maxLines=50
time=2025-07-14T17:20:05.709-03:00 level=ERROR msg="Max lines reached" maxLines=50
time=2025-07-14T17:20:05.740-03:00 level=ERROR msg="Max lines reached" maxLines=50
time=2025-07-14T17:20:05.768-03:00 level=ERROR msg="Max lines reached" maxLines=50
time=2025-07-14T17:20:05.805-03:00 level=ERROR msg="Max lines reached" maxLines=50
time=2025-07-14T17:20:05.837-03:00 level=ERROR msg="Max lines reached" maxLines=50
time=2025-07-14T17:20:05.919-03:00 level=ERROR msg="Max lines reached" maxLines=50
time=2025-07-14T17:20:05.992-03:00 level=ERROR msg="Max lines reached" maxLines=50
time=2025-07-14T17:20:07.265-03:00 level=ERROR msg="Max lines reached" maxLines=50
time=2025-07-14T17:20:07.434-03:00 level=ERROR msg="Max lines reached" maxLines=50
time=2025-07-14T17:20:09.463-03:00 level=ERROR msg="Max lines reached" maxLines=50
time=2025-07-14T17:20:09.492-03:00 level=ERROR msg="Max lines reached" maxLines=50
time=2025-07-14T17:22:31.234-03:00 level=ERROR msg="Command execution failed" retCode=1 error="exit status 1" output="reload : The term 'reload' is not recognized as the name of a cmdlet, function, script file, or operable program. Check the spelling of the name, or if a path was included, verify that the \r\npath is correct and try again.\r\nAt line:1 char:1\r\n+ reload\r\n+ ~~~~~~\r\n    + CategoryInfo          : ObjectNotFound: (reload:String) [], CommandNotFoundException\r\n    + FullyQualifiedErrorId : CommandNotFoundException\r\n \r\n"
time=2025-07-14T17:22:51.021-03:00 level=ERROR msg="Max lines reached" maxLines=50
time=2025-07-14T17:22:51.189-03:00 level=ERROR msg="Max lines reached" maxLines=50
time=2025-07-14T17:22:51.469-03:00 level=ERROR msg="Max lines reached" maxLines=50
time=2025-07-14T17:22:51.636-03:00 level=ERROR msg="Max lines reached" maxLines=50
time=2025-07-14T17:22:52.291-03:00 level=ERROR msg="Max lines reached" maxLines=50
time=2025-07-14T17:22:56.982-03:00 level=ERROR msg="Max lines reached" maxLines=50
time=2025-07-14T17:22:57.017-03:00 level=ERROR msg="Max lines reached" maxLines=50
time=2025-07-14T17:22:57.050-03:00 level=ERROR msg="Max lines reached" maxLines=50
time=2025-07-14T17:22:57.085-03:00 level=ERROR msg="Max lines reached" maxLines=50
time=2025-07-14T17:22:57.124-03:00 level=ERROR msg="Max lines reached" maxLines=50
time=2025-07-14T17:22:57.161-03:00 level=ERROR msg="Max lines reached" maxLines=50
time=2025-07-14T17:22:57.185-03:00 level=ERROR msg="Max lines reached" maxLines=50
time=2025-07-14T17:22:57.218-03:00 level=ERROR msg="Max lines reached" maxLines=50
time=2025-07-14T17:22:57.241-03:00 level=ERROR msg="Max lines reached" maxLines=50
time=2025-07-14T17:22:57.274-03:00 level=ERROR msg="Max lines reached" maxLines=50
time=2025-07-14T17:22:57.299-03:00 level=ERROR msg="Max lines reached" maxLines=50
time=2025-07-14T17:22:57.331-03:00 level=ERROR msg="Max lines reached" maxLines=50
time=2025-07-14T17:22:57.363-03:00 level=ERROR msg="Max lines reached" maxLines=50
time=2025-07-14T17:22:57.384-03:00 level=ERROR msg="Max lines reached" maxLines=50
time=2025-07-14T17:22:57.594-03:00 level=ERROR msg="Max lines reached" maxLines=50
time=2025-07-14T17:22:57.693-03:00 level=ERROR msg="Max lines reached" maxLines=50
time=2025-07-14T17:22:58.765-03:00 level=ERROR msg="Max lines reached" maxLines=50
time=2025-07-14T17:22:58.795-03:00 level=ERROR msg="Max lines reached" maxLines=50
time=2025-07-14T17:23:26.940-03:00 level=ERROR msg="Max lines reached" maxLines=46
time=2025-07-14T17:23:27.117-03:00 level=ERROR msg="Max lines reached" maxLines=46
time=2025-07-14T17:23:27.280-03:00 level=ERROR msg="Max lines reached" maxLines=46
time=2025-07-14T17:23:27.454-03:00 level=ERROR msg="Max lines reached" maxLines=46
time=2025-07-14T17:23:27.712-03:00 level=ERROR msg="Max lines reached" maxLines=46
time=2025-07-14T17:23:27.881-03:00 level=ERROR msg="Max lines reached" maxLines=46
time=2025-07-14T17:23:28.203-03:00 level=ERROR msg="Max lines reached" maxLines=46
time=2025-07-14T17:23:28.379-03:00 level=ERROR msg="Max lines reached" maxLines=46
time=2025-07-14T17:23:29.693-03:00 level=ERROR msg="Max lines reached" maxLines=46
time=2025-07-14T17:23:36.908-03:00 level=ERROR msg="Max lines reached" maxLines=46
time=2025-07-14T17:23:36.931-03:00 level=ERROR msg="Max lines reached" maxLines=46
time=2025-07-14T17:23:36.971-03:00 level=ERROR msg="Max lines reached" maxLines=46
time=2025-07-14T17:23:37.008-03:00 level=ERROR msg="Max lines reached" maxLines=46
time=2025-07-14T17:23:37.057-03:00 level=ERROR msg="Max lines reached" maxLines=46
time=2025-07-14T17:23:37.093-03:00 level=ERROR msg="Max lines reached" maxLines=46
time=2025-07-14T17:23:37.130-03:00 level=ERROR msg="Max lines reached" maxLines=46
time=2025-07-14T17:23:37.167-03:00 level=ERROR msg="Max lines reached" maxLines=46
time=2025-07-14T17:23:37.194-03:00 level=ERROR msg="Max lines reached" maxLines=46
time=2025-07-14T17:23:37.233-03:00 level=ERROR msg="Max lines reached" maxLines=46
time=2025-07-14T17:23:37.272-03:00 level=ERROR msg="Max lines reached" maxLines=46
time=2025-07-14T17:23:37.309-03:00 level=ERROR msg="Max lines reached" maxLines=46
time=2025-07-14T17:23:37.349-03:00 level=ERROR msg="Max lines reached" maxLines=46
time=2025-07-14T17:23:37.389-03:00 level=ERROR msg="Max lines reached" maxLines=46
time=2025-07-14T17:23:37.417-03:00 level=ERROR msg="Max lines reached" maxLines=46
time=2025-07-14T17:23:37.459-03:00 level=ERROR msg="Max lines reached" maxLines=46
time=2025-07-14T17:23:37.500-03:00 level=ERROR msg="Max lines reached" maxLines=46
time=2025-07-14T17:23:39.352-03:00 level=ERROR msg="Max lines reached" maxLines=46
time=2025-07-14T17:23:41.064-03:00 level=ERROR msg="Max lines reached" maxLines=46
time=2025-07-14T17:23:41.233-03:00 level=ERROR msg="Max lines reached" maxLines=46
time=2025-07-14T17:23:41.750-03:00 level=ERROR msg="Max lines reached" maxLines=46
time=2025-07-14T17:23:41.952-03:00 level=ERROR msg="Max lines reached" maxLines=46
time=2025-07-14T17:23:41.986-03:00 level=ERROR msg="Max lines reached" maxLines=46
time=2025-07-14T17:23:42.481-03:00 level=ERROR msg="Max lines reached" maxLines=46
time=2025-07-14T17:23:43.019-03:00 level=ERROR msg="Max lines reached" maxLines=46
time=2025-07-14T17:23:43.155-03:00 level=ERROR msg="Max lines reached" maxLines=46
time=2025-07-14T17:23:43.175-03:00 level=ERROR msg="Max lines reached" maxLines=46
time=2025-07-14T17:23:43.287-03:00 level=ERROR msg="Max lines reached" maxLines=46
time=2025-07-14T17:23:43.313-03:00 level=ERROR msg="Max lines reached" maxLines=46
time=2025-07-14T17:23:43.397-03:00 level=ERROR msg="Max lines reached" maxLines=46
time=2025-07-14T17:23:43.432-03:00 level=ERROR msg="Max lines reached" maxLines=46
time=2025-07-14T17:23:43.480-03:00 level=ERROR msg="Max lines reached" maxLines=46
time=2025-07-14T17:23:43.502-03:00 level=ERROR msg="Max lines reached" maxLines=46
time=2025-07-14T17:23:43.603-03:00 level=ERROR msg="Max lines reached" maxLines=46
time=2025-07-14T17:23:43.632-03:00 level=ERROR msg="Max lines reached" maxLines=46
time=2025-07-14T17:23:44.127-03:00 level=ERROR msg="Max lines reached" maxLines=46
time=2025-07-14T17:23:44.663-03:00 level=ERROR msg="Max lines reached" maxLines=46
time=2025-07-14T17:23:45.180-03:00 level=ERROR msg="Max lines reached" maxLines=46
time=2025-07-14T17:23:45.732-03:00 level=ERROR msg="Max lines reached" maxLines=46
time=2025-07-14T17:23:46.245-03:00 level=ERROR msg="Max lines reached" maxLines=46
time=2025-07-14T17:23:46.786-03:00 level=ERROR msg="Max lines reached" maxLines=46
time=2025-07-14T17:23:47.307-03:00 level=ERROR msg="Max lines reached" maxLines=46
time=2025-07-14T17:23:47.840-03:00 level=ERROR msg="Max lines reached" maxLines=46
time=2025-07-14T17:23:48.378-03:00 level=ERROR msg="Max lines reached" maxLines=46
time=2025-07-14T17:23:48.891-03:00 level=ERROR msg="Max lines reached" maxLines=46
time=2025-07-14T17:23:49.426-03:00 level=ERROR msg="Max lines reached" maxLines=46
time=2025-07-14T17:23:49.955-03:00 level=ERROR msg="Max lines reached" maxLines=46
time=2025-07-14T17:23:50.500-03:00 level=ERROR msg="Max lines reached" maxLines=46
time=2025-07-14T17:23:50.577-03:00 level=ERROR msg="Max lines reached" maxLines=46
time=2025-07-14T17:23:50.644-03:00 level=ERROR msg="Max lines reached" maxLines=46
time=2025-07-14T17:23:50.684-03:00 level=ERROR msg="Max lines reached" maxLines=46
time=2025-07-14T17:23:50.712-03:00 level=ERROR msg="Max lines reached" maxLines=46
time=2025-07-14T17:23:50.838-03:00 level=ERROR msg="Max lines reached" maxLines=46
time=2025-07-14T17:23:50.863-03:00 level=ERROR msg="Max lines reached" maxLines=46
time=2025-07-14T17:23:50.966-03:00 level=ERROR msg="Max lines reached" maxLines=46
time=2025-07-14T17:23:51.001-03:00 level=ERROR msg="Max lines reached" maxLines=46
time=2025-07-14T17:23:51.147-03:00 level=ERROR msg="Max lines reached" maxLines=46
time=2025-07-14T17:23:51.181-03:00 level=ERROR msg="Max lines reached" maxLines=46
time=2025-07-14T17:23:51.235-03:00 level=ERROR msg="Max lines reached" maxLines=46
time=2025-07-14T17:23:51.256-03:00 level=ERROR msg="Max lines reached" maxLines=46
time=2025-07-14T17:23:51.492-03:00 level=ERROR msg="Max lines reached" maxLines=46
time=2025-07-14T17:23:51.529-03:00 level=ERROR msg="Max lines reached" maxLines=46
time=2025-07-14T17:23:52.009-03:00 level=ERROR msg="Max lines reached" maxLines=46
time=2025-07-14T17:23:52.032-03:00 level=ERROR msg="Max lines reached" maxLines=46
time=2025-07-14T17:23:52.058-03:00 level=ERROR msg="Max lines reached" maxLines=46
time=2025-07-14T17:23:52.084-03:00 level=ERROR msg="Max lines reached" maxLines=46
time=2025-07-14T17:23:52.108-03:00 level=ERROR msg="Max lines reached" maxLines=46
time=2025-07-14T17:23:52.141-03:00 level=ERROR msg="Max lines reached" maxLines=46
time=2025-07-14T17:23:52.174-03:00 level=ERROR msg="Max lines reached" maxLines=46
time=2025-07-14T17:23:52.206-03:00 level=ERROR msg="Max lines reached" maxLines=46
time=2025-07-14T17:23:52.238-03:00 level=ERROR msg="Max lines reached" maxLines=46
time=2025-07-14T17:23:52.269-03:00 level=ERROR msg="Max lines reached" maxLines=46
time=2025-07-14T17:23:52.288-03:00 level=ERROR msg="Max lines reached" maxLines=46
time=2025-07-14T17:23:52.315-03:00 level=ERROR msg="Max lines reached" maxLines=46
time=2025-07-14T17:23:52.343-03:00 level=ERROR msg="Max lines reached" maxLines=46
time=2025-07-14T17:23:52.373-03:00 level=ERROR msg="Max lines reached" maxLines=46
time=2025-07-14T17:23:52.406-03:00 level=ERROR msg="Max lines reached" maxLines=46
time=2025-07-14T17:23:52.437-03:00 level=ERROR msg="Max lines reached" maxLines=46
time=2025-07-14T17:23:52.469-03:00 level=ERROR msg="Max lines reached" maxLines=46
time=2025-07-14T17:23:52.501-03:00 level=ERROR msg="Max lines reached" maxLines=46
time=2025-07-14T17:23:52.519-03:00 level=ERROR msg="Max lines reached" maxLines=46
time=2025-07-14T17:23:52.535-03:00 level=ERROR msg="Max lines reached" maxLines=46
time=2025-07-14T17:23:52.565-03:00 level=ERROR msg="Max lines reached" maxLines=46
time=2025-07-14T17:23:52.603-03:00 level=ERROR msg="Max lines reached" maxLines=46
time=2025-07-14T17:23:52.636-03:00 level=ERROR msg="Max lines reached" maxLines=46
time=2025-07-14T17:23:52.888-03:00 level=ERROR msg="Max lines reached" maxLines=46
time=2025-07-14T17:23:52.920-03:00 level=ERROR msg="Max lines reached" maxLines=46
time=2025-07-14T17:23:53.044-03:00 level=ERROR msg="Max lines reached" maxLines=46
time=2025-07-14T17:23:53.068-03:00 level=ERROR msg="Max lines reached" maxLines=46
time=2025-07-14T17:23:53.148-03:00 level=ERROR msg="Max lines reached" maxLines=46
time=2025-07-14T17:23:53.180-03:00 level=ERROR msg="Max lines reached" maxLines=46
time=2025-07-14T17:23:53.685-03:00 level=ERROR msg="Max lines reached" maxLines=46
time=2025-07-14T17:23:53.877-03:00 level=ERROR msg="Max lines reached" maxLines=46
time=2025-07-14T17:23:53.907-03:00 level=ERROR msg="Max lines reached" maxLines=46
time=2025-07-14T17:23:54.038-03:00 level=ERROR msg="Max lines reached" maxLines=46
time=2025-07-14T17:23:54.060-03:00 level=ERROR msg="Max lines reached" maxLines=46
time=2025-07-14T17:24:20.403-03:00 level=ERROR msg="Error render directory preview" error="open C:\\Users\\Gabriel_Stundner\\Templates: Access is denied."
time=2025-07-14T17:24:20.435-03:00 level=ERROR msg="Error render directory preview" error="open C:\\Users\\Gabriel_Stundner\\Templates: Access is denied."
time=2025-07-14T17:24:25.014-03:00 level=ERROR msg="Error render directory preview" error="open C:\\Users\\Default User: Access is denied."
time=2025-07-14T17:24:25.163-03:00 level=ERROR msg="Error render directory preview" error="open C:\\Users\\Default User: Access is denied."
time=2025-07-14T17:24:25.927-03:00 level=ERROR msg="Error render directory preview" error="open C:\\Users\\Default User: Access is denied."
time=2025-07-14T17:24:26.079-03:00 level=ERROR msg="Error render directory preview" error="open C:\\Users\\Default User: Access is denied."
time=2025-07-14T17:24:28.454-03:00 level=ERROR msg="Error render directory preview" error="open C:\\Users\\Default User: Access is denied."
time=2025-07-14T17:24:28.609-03:00 level=ERROR msg="Error render directory preview" error="open C:\\Users\\Default User: Access is denied."
time=2025-07-14T17:24:45.907-03:00 level=ERROR msg="exif error" error=EOF
time=2025-07-14T17:24:46.058-03:00 level=ERROR msg="exif error" error=EOF
time=2025-07-14T17:24:47.530-03:00 level=ERROR msg="exif error" error=EOF
time=2025-07-14T17:24:47.669-03:00 level=ERROR msg="exif error" error=EOF
time=2025-07-14T17:24:48.380-03:00 level=ERROR msg="exif error" error=EOF
time=2025-07-14T17:24:54.999-03:00 level=ERROR msg="exif error" error=EOF
time=2025-07-14T17:24:55.035-03:00 level=ERROR msg="exif error" error=EOF
time=2025-07-14T17:24:55.070-03:00 level=ERROR msg="exif error" error=EOF
time=2025-07-14T17:24:55.100-03:00 level=ERROR msg="exif error" error=EOF
time=2025-07-14T17:24:55.130-03:00 level=ERROR msg="exif error" error=EOF
time=2025-07-14T17:24:55.162-03:00 level=ERROR msg="exif error" error=EOF
time=2025-07-14T17:24:55.198-03:00 level=ERROR msg="exif error" error=EOF
time=2025-07-14T17:24:55.233-03:00 level=ERROR msg="exif error" error=EOF
time=2025-07-14T17:24:55.267-03:00 level=ERROR msg="exif error" error=EOF
time=2025-07-14T17:24:55.349-03:00 level=ERROR msg="exif error" error=EOF
time=2025-07-14T17:24:55.382-03:00 level=ERROR msg="exif error" error=EOF
time=2025-07-14T17:24:55.420-03:00 level=ERROR msg="exif error" error=EOF
time=2025-07-14T17:24:55.453-03:00 level=ERROR msg="exif error" error=EOF
time=2025-07-14T17:24:55.485-03:00 level=ERROR msg="exif error" error=EOF
time=2025-07-14T17:24:55.515-03:00 level=ERROR msg="exif error" error=EOF
time=2025-07-14T17:24:55.544-03:00 level=ERROR msg="exif error" error=EOF
time=2025-07-14T17:24:55.776-03:00 level=ERROR msg="exif error" error=EOF
time=2025-07-14T17:24:55.872-03:00 level=ERROR msg="exif error" error=EOF
time=2025-07-14T17:24:56.751-03:00 level=ERROR msg="exif error" error=EOF
time=2025-07-14T17:24:56.793-03:00 level=ERROR msg="exif error" error=EOF
time=2025-07-14T19:42:25.352-03:00 level=ERROR msg="exif error" error=EOF
time=2025-07-14T19:42:25.609-03:00 level=ERROR msg="exif error" error=EOF
time=2025-07-14T19:42:25.737-03:00 level=ERROR msg="exif error" error=EOF
time=2025-07-14T19:42:25.816-03:00 level=ERROR msg="exif error" error=EOF
time=2025-07-14T19:42:25.892-03:00 level=ERROR msg="exif error" error=EOF
time=2025-07-14T19:42:26.087-03:00 level=ERROR msg="exif error" error=EOF
time=2025-07-14T19:42:26.218-03:00 level=ERROR msg="exif error" error="exif: failed to find exif intro marker"
time=2025-07-14T19:42:26.321-03:00 level=ERROR msg="exif error" error=EOF
time=2025-07-14T19:42:26.416-03:00 level=ERROR msg="exif error" error=EOF
time=2025-07-14T19:42:26.627-03:00 level=ERROR msg="exif error" error=EOF
time=2025-07-14T19:42:26.731-03:00 level=ERROR msg="exif error" error=EOF
time=2025-07-14T19:42:27.541-03:00 level=ERROR msg="exif error" error=EOF
time=2025-07-14T19:42:27.656-03:00 level=ERROR msg="exif error" error=EOF
time=2025-07-14T19:42:28.216-03:00 level=ERROR msg="exif error" error=EOF
time=2025-07-14T19:42:28.364-03:00 level=ERROR msg="exif error" error=EOF
time=2025-07-14T19:42:30.321-03:00 level=ERROR msg="exif error" error=EOF
time=2025-07-14T19:42:30.456-03:00 level=ERROR msg="exif error" error=EOF
time=2025-07-14T19:42:30.908-03:00 level=ERROR msg="exif error" error=EOF
time=2025-07-14T19:42:31.053-03:00 level=ERROR msg="exif error" error=EOF
time=2025-07-14T19:42:31.531-03:00 level=ERROR msg="exif error" error=EOF
time=2025-07-14T19:42:31.673-03:00 level=ERROR msg="exif error" error=EOF
time=2025-07-14T19:42:33.230-03:00 level=ERROR msg="exif error" error=EOF
time=2025-07-14T19:42:43.647-03:00 level=ERROR msg="exif error" error=EOF
time=2025-07-14T19:42:43.751-03:00 level=ERROR msg="exif error" error=EOF
time=2025-07-14T19:42:43.858-03:00 level=ERROR msg="exif error" error=EOF
time=2025-07-14T19:42:43.953-03:00 level=ERROR msg="exif error" error=EOF
time=2025-07-14T19:42:45.246-03:00 level=ERROR msg="exif error" error=EOF
time=2025-07-14T19:42:45.393-03:00 level=ERROR msg="exif error" error=EOF
time=2025-07-14T19:42:45.621-03:00 level=ERROR msg="exif error" error=EOF
time=2025-07-14T19:42:45.831-03:00 level=ERROR msg="exif error" error=EOF
time=2025-07-14T19:42:45.899-03:00 level=ERROR msg="exif error" error="exif: failed to find exif intro marker"
time=2025-07-14T19:42:46.240-03:00 level=ERROR msg="exif error" error=EOF
time=2025-07-14T19:42:46.392-03:00 level=ERROR msg="exif error" error=EOF
time=2025-07-14T19:42:48.054-03:00 level=ERROR msg="exif error" error=EOF
time=2025-07-14T19:42:48.210-03:00 level=ERROR msg="exif error" error=EOF
time=2025-07-14T19:42:48.533-03:00 level=ERROR msg="exif error" error=EOF
time=2025-07-14T19:42:48.658-03:00 level=ERROR msg="exif error" error=EOF
time=2025-07-14T19:42:48.755-03:00 level=ERROR msg="exif error" error=EOF
time=2025-07-14T19:42:48.972-03:00 level=ERROR msg="exif error" error=EOF
time=2025-07-14T19:43:14.328-03:00 level=ERROR msg="Max lines reached" maxLines=44
time=2025-07-14T19:43:15.371-03:00 level=ERROR msg="Max lines reached" maxLines=44
time=2025-07-14T19:43:15.523-03:00 level=ERROR msg="Max lines reached" maxLines=44
time=2025-07-14T19:43:15.883-03:00 level=ERROR msg="Max lines reached" maxLines=44
time=2025-07-14T19:43:16.052-03:00 level=ERROR msg="Max lines reached" maxLines=44
time=2025-07-14T19:43:17.422-03:00 level=ERROR msg="Max lines reached" maxLines=44
time=2025-07-14T19:43:31.976-03:00 level=ERROR msg="Max lines reached" maxLines=44
time=2025-07-14T19:43:32.133-03:00 level=ERROR msg="Max lines reached" maxLines=44
time=2025-07-14T19:43:32.491-03:00 level=ERROR msg="Max lines reached" maxLines=44
time=2025-07-14T19:43:32.878-03:00 level=ERROR msg="Max lines reached" maxLines=44
time=2025-07-14T19:43:33.109-03:00 level=ERROR msg="Max lines reached" maxLines=44
time=2025-07-14T19:43:33.263-03:00 level=ERROR msg="Max lines reached" maxLines=44
time=2025-07-14T19:43:33.403-03:00 level=ERROR msg="Max lines reached" maxLines=44
time=2025-07-14T19:43:33.517-03:00 level=ERROR msg="Max lines reached" maxLines=44
time=2025-07-14T19:43:37.200-03:00 level=ERROR msg="Max lines reached" maxLines=44
time=2025-07-14T19:43:37.231-03:00 level=ERROR msg="Max lines reached" maxLines=44
time=2025-07-21T11:54:48.542-03:00 level=ERROR msg="Failed to fetch update" error="Get \"https://api.github.com/repos/yorukot/superfile/releases/latest\": dial tcp: lookup api.github.com: no such host"
time=2025-08-01T09:07:06.990-03:00 level=ERROR msg="exif error" error="exif: failed to find exif intro marker"
time=2025-08-01T09:07:07.125-03:00 level=ERROR msg="exif error" error="exif: failed to find exif intro marker"
time=2025-08-01T09:07:07.254-03:00 level=ERROR msg="exif error" error="exif: failed to find exif intro marker"
time=2025-08-01T09:07:07.319-03:00 level=ERROR msg="exif error" error="exif: failed to find exif intro marker"
time=2025-08-01T09:09:55.814-03:00 level=ERROR msg="exif error" error=EOF
time=2025-08-01T09:09:56.054-03:00 level=ERROR msg="exif error" error=EOF
time=2025-08-01T09:09:56.504-03:00 level=ERROR msg="exif error" error=EOF
time=2025-08-01T09:09:56.649-03:00 level=ERROR msg="exif error" error=EOF
time=2025-08-01T09:09:56.688-03:00 level=ERROR msg="exif error" error=EOF
time=2025-08-01T09:09:56.729-03:00 level=ERROR msg="exif error" error=EOF
time=2025-08-01T09:09:56.917-03:00 level=ERROR msg="exif error" error="exif: failed to find exif intro marker"
time=2025-08-01T09:09:57.039-03:00 level=ERROR msg="exif error" error=EOF
time=2025-08-01T09:09:57.182-03:00 level=ERROR msg="exif error" error=EOF
time=2025-08-01T09:09:57.794-03:00 level=ERROR msg="exif error" error=EOF
time=2025-08-01T09:10:03.318-03:00 level=ERROR msg="exif error" error=EOF
time=2025-08-01T09:10:03.350-03:00 level=ERROR msg="exif error" error=EOF
time=2025-08-01T09:10:03.382-03:00 level=ERROR msg="exif error" error=EOF
time=2025-08-01T09:10:03.411-03:00 level=ERROR msg="exif error" error=EOF
time=2025-08-01T09:10:03.442-03:00 level=ERROR msg="exif error" error=EOF
time=2025-08-01T09:10:03.545-03:00 level=ERROR msg="exif error" error=EOF
time=2025-08-01T09:10:03.574-03:00 level=ERROR msg="exif error" error=EOF
time=2025-08-01T09:10:04.342-03:00 level=ERROR msg="exif error" error="exif: failed to find exif intro marker"
time=2025-08-01T09:10:04.485-03:00 level=ERROR msg="exif error" error="exif: failed to find exif intro marker"
time=2025-08-01T09:10:04.623-03:00 level=ERROR msg="exif error" error=EOF
time=2025-08-01T09:10:04.764-03:00 level=ERROR msg="exif error" error=EOF
time=2025-08-01T09:10:05.026-03:00 level=ERROR msg="exif error" error=EOF
time=2025-08-01T09:10:05.424-03:00 level=ERROR msg="exif error" error=EOF
time=2025-08-01T09:10:05.619-03:00 level=ERROR msg="exif error" error=EOF
time=2025-08-01T09:10:05.742-03:00 level=ERROR msg="exif error" error=EOF
time=2025-08-01T09:10:06.069-03:00 level=ERROR msg="exif error" error=EOF
time=2025-08-01T09:10:06.484-03:00 level=ERROR msg="exif error" error=EOF
time=2025-08-01T09:10:06.814-03:00 level=ERROR msg="exif error" error=EOF
time=2025-08-01T09:10:06.946-03:00 level=ERROR msg="exif error" error=EOF
time=2025-08-01T09:10:07.519-03:00 level=ERROR msg="exif error" error=EOF
time=2025-08-01T09:10:12.813-03:00 level=ERROR msg="Max lines reached" maxLines=47
time=2025-08-01T09:10:14.082-03:00 level=ERROR msg="Max lines reached" maxLines=47
time=2025-08-01T09:10:14.223-03:00 level=ERROR msg="Max lines reached" maxLines=47
time=2025-08-01T09:10:14.571-03:00 level=ERROR msg="Max lines reached" maxLines=47
time=2025-08-01T09:10:14.732-03:00 level=ERROR msg="Max lines reached" maxLines=47
time=2025-08-01T09:10:15.005-03:00 level=ERROR msg="Max lines reached" maxLines=47
time=2025-08-01T09:10:15.166-03:00 level=ERROR msg="Max lines reached" maxLines=47
time=2025-08-01T09:10:17.126-03:00 level=ERROR msg="Max lines reached" maxLines=47
time=2025-08-01T09:10:17.277-03:00 level=ERROR msg="Max lines reached" maxLines=47
time=2025-08-01T09:10:17.469-03:00 level=ERROR msg="Max lines reached" maxLines=47
time=2025-08-01T09:10:17.627-03:00 level=ERROR msg="Max lines reached" maxLines=47
time=2025-08-01T09:10:17.776-03:00 level=ERROR msg="Max lines reached" maxLines=47
time=2025-08-01T09:10:17.919-03:00 level=ERROR msg="Max lines reached" maxLines=47
time=2025-08-01T09:10:18.058-03:00 level=ERROR msg="Max lines reached" maxLines=47
time=2025-08-01T09:10:18.210-03:00 level=ERROR msg="Max lines reached" maxLines=47
time=2025-08-01T09:10:18.334-03:00 level=ERROR msg="Max lines reached" maxLines=47
time=2025-08-01T09:10:18.503-03:00 level=ERROR msg="Max lines reached" maxLines=47
time=2025-08-01T09:10:18.651-03:00 level=ERROR msg="Max lines reached" maxLines=47
time=2025-08-01T09:10:18.812-03:00 level=ERROR msg="Max lines reached" maxLines=47
time=2025-08-01T09:10:18.967-03:00 level=ERROR msg="Max lines reached" maxLines=47
time=2025-08-01T09:10:19.414-03:00 level=ERROR msg="Max lines reached" maxLines=47
time=2025-08-01T09:10:19.582-03:00 level=ERROR msg="Max lines reached" maxLines=47
time=2025-08-01T09:10:22.350-03:00 level=ERROR msg="Max lines reached" maxLines=47
time=2025-08-01T09:10:22.489-03:00 level=ERROR msg="Max lines reached" maxLines=47
time=2025-08-01T10:01:53.342-03:00 level=ERROR msg="Max lines reached" maxLines=50
time=2025-08-01T10:01:53.491-03:00 level=ERROR msg="Max lines reached" maxLines=50
time=2025-08-01T10:01:53.811-03:00 level=ERROR msg="Max lines reached" maxLines=50
time=2025-08-01T10:01:53.955-03:00 level=ERROR msg="Max lines reached" maxLines=50
time=2025-08-01T10:02:03.455-03:00 level=ERROR msg="Max lines reached" maxLines=50
time=2025-08-01T10:02:08.943-03:00 level=ERROR msg="Max lines reached" maxLines=50
time=2025-08-01T10:02:45.708-03:00 level=ERROR msg="Max lines reached" maxLines=50
time=2025-08-01T10:02:46.223-03:00 level=ERROR msg="Max lines reached" maxLines=50
time=2025-08-01T10:02:46.252-03:00 level=ERROR msg="Max lines reached" maxLines=50
time=2025-08-01T10:02:46.280-03:00 level=ERROR msg="Max lines reached" maxLines=50
time=2025-08-01T10:02:46.312-03:00 level=ERROR msg="Max lines reached" maxLines=50
time=2025-08-01T10:02:46.342-03:00 level=ERROR msg="Max lines reached" maxLines=50
time=2025-08-01T10:02:46.375-03:00 level=ERROR msg="Max lines reached" maxLines=50
time=2025-08-01T10:02:46.425-03:00 level=ERROR msg="Max lines reached" maxLines=50
time=2025-08-01T10:02:46.452-03:00 level=ERROR msg="Max lines reached" maxLines=50
time=2025-08-01T10:02:46.483-03:00 level=ERROR msg="Max lines reached" maxLines=50
time=2025-08-01T10:02:46.517-03:00 level=ERROR msg="Max lines reached" maxLines=50
time=2025-08-01T10:02:46.546-03:00 level=ERROR msg="Max lines reached" maxLines=50
time=2025-08-01T10:02:46.575-03:00 level=ERROR msg="Max lines reached" maxLines=50
time=2025-08-01T10:02:46.607-03:00 level=ERROR msg="Max lines reached" maxLines=50
time=2025-08-01T10:02:46.653-03:00 level=ERROR msg="Max lines reached" maxLines=50
time=2025-08-01T10:02:46.684-03:00 level=ERROR msg="Max lines reached" maxLines=50
time=2025-08-01T10:02:46.715-03:00 level=ERROR msg="Max lines reached" maxLines=50
time=2025-08-01T10:02:46.746-03:00 level=ERROR msg="Max lines reached" maxLines=50
time=2025-08-01T10:02:46.776-03:00 level=ERROR msg="Max lines reached" maxLines=50
time=2025-08-01T10:02:46.807-03:00 level=ERROR msg="Max lines reached" maxLines=50
time=2025-08-01T10:02:46.838-03:00 level=ERROR msg="Max lines reached" maxLines=50
time=2025-08-01T10:02:46.868-03:00 level=ERROR msg="Max lines reached" maxLines=50
time=2025-08-01T10:02:46.917-03:00 level=ERROR msg="Max lines reached" maxLines=50
time=2025-08-01T10:02:46.947-03:00 level=ERROR msg="Max lines reached" maxLines=50
time=2025-08-01T10:02:46.979-03:00 level=ERROR msg="Max lines reached" maxLines=50
time=2025-08-01T10:02:47.010-03:00 level=ERROR msg="Max lines reached" maxLines=50
time=2025-08-01T10:02:47.042-03:00 level=ERROR msg="Max lines reached" maxLines=50
time=2025-08-01T10:02:47.072-03:00 level=ERROR msg="Max lines reached" maxLines=50
time=2025-08-01T10:02:47.102-03:00 level=ERROR msg="Max lines reached" maxLines=50
time=2025-08-01T10:02:47.135-03:00 level=ERROR msg="Max lines reached" maxLines=50
time=2025-08-01T10:02:47.180-03:00 level=ERROR msg="Max lines reached" maxLines=50
time=2025-08-01T10:02:47.211-03:00 level=ERROR msg="Max lines reached" maxLines=50
time=2025-08-01T10:02:47.243-03:00 level=ERROR msg="Max lines reached" maxLines=50
time=2025-08-01T10:02:47.273-03:00 level=ERROR msg="Max lines reached" maxLines=50
time=2025-08-01T10:02:47.305-03:00 level=ERROR msg="Max lines reached" maxLines=50
time=2025-08-01T10:02:47.338-03:00 level=ERROR msg="Max lines reached" maxLines=50
time=2025-08-01T10:02:47.369-03:00 level=ERROR msg="Max lines reached" maxLines=50
time=2025-08-01T10:02:47.411-03:00 level=ERROR msg="Max lines reached" maxLines=50
time=2025-08-01T10:02:47.444-03:00 level=ERROR msg="Max lines reached" maxLines=50
time=2025-08-01T10:02:47.475-03:00 level=ERROR msg="Max lines reached" maxLines=50
time=2025-08-01T10:02:47.504-03:00 level=ERROR msg="Max lines reached" maxLines=50
time=2025-08-01T10:02:47.536-03:00 level=ERROR msg="Max lines reached" maxLines=50
time=2025-08-01T10:02:47.568-03:00 level=ERROR msg="Max lines reached" maxLines=50
time=2025-08-01T10:02:47.600-03:00 level=ERROR msg="Max lines reached" maxLines=50
time=2025-08-01T10:02:47.630-03:00 level=ERROR msg="Max lines reached" maxLines=50
time=2025-08-01T10:02:47.661-03:00 level=ERROR msg="Max lines reached" maxLines=50
time=2025-08-01T10:02:47.708-03:00 level=ERROR msg="Max lines reached" maxLines=50
time=2025-08-01T10:02:47.739-03:00 level=ERROR msg="Max lines reached" maxLines=50
time=2025-08-01T10:02:47.770-03:00 level=ERROR msg="Max lines reached" maxLines=50
time=2025-08-01T10:03:11.119-03:00 level=ERROR msg="Max lines reached" maxLines=50
time=2025-08-01T10:03:50.381-03:00 level=ERROR msg="Max lines reached" maxLines=50
time=2025-08-01T10:04:01.916-03:00 level=ERROR msg="Max lines reached" maxLines=50
time=2025-08-01T10:04:23.102-03:00 level=ERROR msg="Max lines reached" maxLines=50
time=2025-08-01T10:04:23.616-03:00 level=ERROR msg="Max lines reached" maxLines=50
time=2025-08-01T10:04:23.645-03:00 level=ERROR msg="Max lines reached" maxLines=50
time=2025-08-01T10:04:23.678-03:00 level=ERROR msg="Max lines reached" maxLines=50
time=2025-08-01T10:04:23.707-03:00 level=ERROR msg="Max lines reached" maxLines=50
time=2025-08-01T10:04:23.737-03:00 level=ERROR msg="Max lines reached" maxLines=50
time=2025-08-01T10:04:23.769-03:00 level=ERROR msg="Max lines reached" maxLines=50
time=2025-08-01T10:04:23.802-03:00 level=ERROR msg="Max lines reached" maxLines=50
time=2025-08-01T10:04:23.834-03:00 level=ERROR msg="Max lines reached" maxLines=50
time=2025-08-01T10:04:23.880-03:00 level=ERROR msg="Max lines reached" maxLines=50
time=2025-08-01T10:04:23.912-03:00 level=ERROR msg="Max lines reached" maxLines=50
time=2025-08-01T10:04:23.941-03:00 level=ERROR msg="Max lines reached" maxLines=50
time=2025-08-01T10:04:23.974-03:00 level=ERROR msg="Max lines reached" maxLines=50
time=2025-08-01T10:04:24.003-03:00 level=ERROR msg="Max lines reached" maxLines=50
time=2025-08-01T10:04:24.038-03:00 level=ERROR msg="Max lines reached" maxLines=50
time=2025-08-01T10:04:24.065-03:00 level=ERROR msg="Max lines reached" maxLines=50
time=2025-08-01T10:04:24.097-03:00 level=ERROR msg="Max lines reached" maxLines=50
time=2025-08-01T10:04:24.147-03:00 level=ERROR msg="Max lines reached" maxLines=50
time=2025-08-01T10:04:24.176-03:00 level=ERROR msg="Max lines reached" maxLines=50
time=2025-08-01T10:04:24.206-03:00 level=ERROR msg="Max lines reached" maxLines=50
time=2025-08-01T10:04:24.236-03:00 level=ERROR msg="Max lines reached" maxLines=50
time=2025-08-01T10:04:24.269-03:00 level=ERROR msg="Max lines reached" maxLines=50
time=2025-08-01T10:04:24.300-03:00 level=ERROR msg="Max lines reached" maxLines=50
time=2025-08-01T10:04:24.330-03:00 level=ERROR msg="Max lines reached" maxLines=50
time=2025-08-01T10:04:24.362-03:00 level=ERROR msg="Max lines reached" maxLines=50
time=2025-08-01T10:04:24.393-03:00 level=ERROR msg="Max lines reached" maxLines=50
time=2025-08-01T10:04:24.440-03:00 level=ERROR msg="Max lines reached" maxLines=50
time=2025-08-01T10:04:24.474-03:00 level=ERROR msg="Max lines reached" maxLines=50
time=2025-08-01T10:04:24.508-03:00 level=ERROR msg="Max lines reached" maxLines=50
time=2025-08-01T10:04:24.537-03:00 level=ERROR msg="Max lines reached" maxLines=50
time=2025-08-01T10:04:24.567-03:00 level=ERROR msg="Max lines reached" maxLines=50
time=2025-08-01T10:04:24.598-03:00 level=ERROR msg="Max lines reached" maxLines=50
time=2025-08-01T10:04:24.627-03:00 level=ERROR msg="Max lines reached" maxLines=50
time=2025-08-01T10:04:24.657-03:00 level=ERROR msg="Max lines reached" maxLines=50
time=2025-08-01T10:04:24.689-03:00 level=ERROR msg="Max lines reached" maxLines=50
time=2025-08-01T10:04:24.737-03:00 level=ERROR msg="Max lines reached" maxLines=50
time=2025-08-01T10:04:24.767-03:00 level=ERROR msg="Max lines reached" maxLines=50
time=2025-08-01T10:04:24.798-03:00 level=ERROR msg="Max lines reached" maxLines=50
time=2025-08-01T10:04:24.829-03:00 level=ERROR msg="Max lines reached" maxLines=50
time=2025-08-01T10:04:24.864-03:00 level=ERROR msg="Max lines reached" maxLines=50
time=2025-08-01T10:04:24.891-03:00 level=ERROR msg="Max lines reached" maxLines=50
time=2025-08-01T10:04:24.924-03:00 level=ERROR msg="Max lines reached" maxLines=50
time=2025-08-01T10:04:24.959-03:00 level=ERROR msg="Max lines reached" maxLines=50
time=2025-08-01T10:04:24.990-03:00 level=ERROR msg="Max lines reached" maxLines=50
time=2025-08-01T10:04:25.035-03:00 level=ERROR msg="Max lines reached" maxLines=50
time=2025-08-01T10:04:25.064-03:00 level=ERROR msg="Max lines reached" maxLines=50
time=2025-08-01T10:04:25.097-03:00 level=ERROR msg="Max lines reached" maxLines=50
time=2025-08-01T10:04:25.128-03:00 level=ERROR msg="Max lines reached" maxLines=50
time=2025-08-01T10:04:25.159-03:00 level=ERROR msg="Max lines reached" maxLines=50
time=2025-08-01T10:04:25.193-03:00 level=ERROR msg="Max lines reached" maxLines=50
time=2025-08-01T10:04:25.224-03:00 level=ERROR msg="Max lines reached" maxLines=50
time=2025-08-01T10:04:25.252-03:00 level=ERROR msg="Max lines reached" maxLines=50
time=2025-08-01T10:04:25.298-03:00 level=ERROR msg="Max lines reached" maxLines=50
time=2025-08-01T10:04:25.327-03:00 level=ERROR msg="Max lines reached" maxLines=50
time=2025-08-01T10:04:25.360-03:00 level=ERROR msg="Max lines reached" maxLines=50
time=2025-08-01T10:04:25.393-03:00 level=ERROR msg="Max lines reached" maxLines=50
time=2025-08-01T10:04:25.423-03:00 level=ERROR msg="Max lines reached" maxLines=50
time=2025-08-01T10:04:25.454-03:00 level=ERROR msg="Max lines reached" maxLines=50
time=2025-08-01T10:04:25.482-03:00 level=ERROR msg="Max lines reached" maxLines=50
time=2025-08-01T10:04:25.532-03:00 level=ERROR msg="Max lines reached" maxLines=50
time=2025-08-01T10:04:25.561-03:00 level=ERROR msg="Max lines reached" maxLines=50
time=2025-08-01T10:04:25.592-03:00 level=ERROR msg="Max lines reached" maxLines=50
time=2025-08-01T10:04:25.622-03:00 level=ERROR msg="Max lines reached" maxLines=50
time=2025-08-01T10:04:25.653-03:00 level=ERROR msg="Max lines reached" maxLines=50
time=2025-08-01T10:04:25.681-03:00 level=ERROR msg="Max lines reached" maxLines=50
time=2025-08-01T10:04:25.716-03:00 level=ERROR msg="Max lines reached" maxLines=50
time=2025-08-01T10:04:25.762-03:00 level=ERROR msg="Max lines reached" maxLines=50
time=2025-08-01T10:04:25.795-03:00 level=ERROR msg="Max lines reached" maxLines=50
time=2025-08-01T10:04:25.822-03:00 level=ERROR msg="Max lines reached" maxLines=50
time=2025-08-01T10:04:25.852-03:00 level=ERROR msg="Max lines reached" maxLines=50
time=2025-08-01T10:04:25.885-03:00 level=ERROR msg="Max lines reached" maxLines=50
time=2025-08-01T10:04:25.916-03:00 level=ERROR msg="Max lines reached" maxLines=50
time=2025-08-01T10:04:25.947-03:00 level=ERROR msg="Max lines reached" maxLines=50
time=2025-08-01T10:04:25.978-03:00 level=ERROR msg="Max lines reached" maxLines=50
time=2025-08-01T10:04:26.010-03:00 level=ERROR msg="Max lines reached" maxLines=50
time=2025-08-01T10:04:26.059-03:00 level=ERROR msg="Max lines reached" maxLines=50
time=2025-08-01T10:04:26.089-03:00 level=ERROR msg="Max lines reached" maxLines=50
time=2025-08-01T10:04:26.118-03:00 level=ERROR msg="Max lines reached" maxLines=50
time=2025-08-01T10:11:01.743-03:00 level=ERROR msg="Max lines reached" maxLines=50
time=2025-08-01T10:28:27.409-03:00 level=ERROR msg="Max lines reached" maxLines=50
time=2025-08-01T10:28:32.040-03:00 level=ERROR msg="Max lines reached" maxLines=50
time=2025-08-01T10:28:39.721-03:00 level=ERROR msg="Max lines reached" maxLines=50
time=2025-08-01T10:28:39.873-03:00 level=ERROR msg="Max lines reached" maxLines=50
time=2025-08-01T10:28:40.011-03:00 level=ERROR msg="Max lines reached" maxLines=50
time=2025-08-01T10:28:40.159-03:00 level=ERROR msg="Max lines reached" maxLines=50
time=2025-08-01T10:28:40.741-03:00 level=ERROR msg="Max lines reached" maxLines=50
time=2025-08-01T10:29:04.115-03:00 level=ERROR msg="Max lines reached" maxLines=50
time=2025-08-01T10:29:04.128-03:00 level=ERROR msg="Max lines reached" maxLines=50
time=2025-08-01T10:29:04.139-03:00 level=ERROR msg="Max lines reached" maxLines=50
time=2025-08-01T10:29:04.152-03:00 level=ERROR msg="Max lines reached" maxLines=50
time=2025-08-01T10:29:04.165-03:00 level=ERROR msg="Max lines reached" maxLines=50
time=2025-08-01T10:29:04.176-03:00 level=ERROR msg="Max lines reached" maxLines=50
time=2025-08-01T10:29:04.186-03:00 level=ERROR msg="Max lines reached" maxLines=50
time=2025-08-01T10:29:04.197-03:00 level=ERROR msg="Max lines reached" maxLines=50
time=2025-08-01T10:29:04.207-03:00 level=ERROR msg="Max lines reached" maxLines=50
time=2025-08-01T10:29:04.411-03:00 level=ERROR msg="Max lines reached" maxLines=50
time=2025-08-01T10:29:04.423-03:00 level=ERROR msg="Max lines reached" maxLines=50
time=2025-08-01T10:29:04.434-03:00 level=ERROR msg="Max lines reached" maxLines=50
time=2025-08-01T10:29:04.448-03:00 level=ERROR msg="Max lines reached" maxLines=50
time=2025-08-01T10:29:04.459-03:00 level=ERROR msg="Max lines reached" maxLines=50
time=2025-08-01T10:29:04.471-03:00 level=ERROR msg="Max lines reached" maxLines=50
time=2025-08-01T10:29:04.481-03:00 level=ERROR msg="Max lines reached" maxLines=50
time=2025-08-01T10:29:04.492-03:00 level=ERROR msg="Max lines reached" maxLines=50
time=2025-08-01T10:29:04.544-03:00 level=ERROR msg="Max lines reached" maxLines=50
time=2025-08-01T10:29:04.633-03:00 level=ERROR msg="Max lines reached" maxLines=50
time=2025-08-01T10:29:04.708-03:00 level=ERROR msg="Max lines reached" maxLines=50
time=2025-08-01T10:29:05.564-03:00 level=ERROR msg="Max lines reached" maxLines=50
time=2025-08-01T10:29:06.299-03:00 level=ERROR msg="Max lines reached" maxLines=50
time=2025-08-01T10:29:06.450-03:00 level=ERROR msg="Max lines reached" maxLines=50
time=2025-08-01T10:29:06.617-03:00 level=ERROR msg="Max lines reached" maxLines=50
time=2025-08-01T10:29:06.767-03:00 level=ERROR msg="Max lines reached" maxLines=50
time=2025-08-01T10:29:07.930-03:00 level=ERROR msg="Max lines reached" maxLines=50
time=2025-08-01T10:29:08.079-03:00 level=ERROR msg="Max lines reached" maxLines=50
time=2025-08-01T10:29:08.137-03:00 level=ERROR msg="Max lines reached" maxLines=50
time=2025-08-01T10:29:08.288-03:00 level=ERROR msg="Max lines reached" maxLines=50
time=2025-08-01T10:29:08.412-03:00 level=ERROR msg="Max lines reached" maxLines=50
time=2025-08-01T10:29:08.564-03:00 level=ERROR msg="Max lines reached" maxLines=50
time=2025-08-01T10:29:10.843-03:00 level=ERROR msg="Max lines reached" maxLines=50
time=2025-08-01T10:29:10.996-03:00 level=ERROR msg="Max lines reached" maxLines=50
time=2025-08-01T10:29:11.017-03:00 level=ERROR msg="Max lines reached" maxLines=50
time=2025-08-01T10:29:11.167-03:00 level=ERROR msg="Max lines reached" maxLines=50
time=2025-08-01T10:29:13.707-03:00 level=ERROR msg="Max lines reached" maxLines=50
time=2025-08-01T10:29:13.855-03:00 level=ERROR msg="Max lines reached" maxLines=50
time=2025-08-01T10:29:13.866-03:00 level=ERROR msg="Max lines reached" maxLines=50
time=2025-08-01T10:29:14.017-03:00 level=ERROR msg="Max lines reached" maxLines=50
time=2025-08-05T16:47:37.721-03:00 level=ERROR msg="Max lines reached" maxLines=41
time=2025-08-05T16:47:37.863-03:00 level=ERROR msg="Max lines reached" maxLines=41
time=2025-08-05T16:47:38.885-03:00 level=ERROR msg="Max lines reached" maxLines=41
time=2025-08-05T16:47:38.984-03:00 level=ERROR msg="Max lines reached" maxLines=41
time=2025-08-05T17:16:44.687-03:00 level=ERROR msg="exif error" error=EOF
time=2025-08-05T17:16:44.836-03:00 level=ERROR msg="exif error" error=EOF
time=2025-08-05T17:16:46.127-03:00 level=ERROR msg="exif error" error=EOF
time=2025-08-05T17:16:46.274-03:00 level=ERROR msg="exif error" error=EOF
time=2025-08-05T17:16:47.397-03:00 level=ERROR msg="invalid orientation value" orientation=0
time=2025-08-05T17:16:47.737-03:00 level=ERROR msg="invalid orientation value" orientation=0
time=2025-08-05T17:16:49.418-03:00 level=ERROR msg="exif error" error="exif: failed to find exif intro marker"
time=2025-08-05T17:16:49.530-03:00 level=ERROR msg="exif error" error="exif: failed to find exif intro marker"
time=2025-08-05T17:17:00.046-03:00 level=ERROR msg="exif error" error="exif: failed to find exif intro marker"
time=2025-08-05T17:17:00.186-03:00 level=ERROR msg="exif error" error="exif: failed to find exif intro marker"
time=2025-08-05T17:17:00.473-03:00 level=ERROR msg="invalid orientation value" orientation=0
time=2025-08-05T17:17:00.644-03:00 level=ERROR msg="exif error" error=EOF
time=2025-08-05T17:17:02.701-03:00 level=ERROR msg="exif error" error=EOF
time=2025-08-05T17:17:02.848-03:00 level=ERROR msg="exif error" error=EOF
time=2025-08-05T17:17:03.373-03:00 level=ERROR msg="invalid orientation value" orientation=0
time=2025-08-05T17:17:03.547-03:00 level=ERROR msg="exif error" error="exif: failed to find exif intro marker"
time=2025-08-05T17:17:03.621-03:00 level=ERROR msg="exif error" error="exif: failed to find exif intro marker"
time=2025-08-05T17:17:03.867-03:00 level=ERROR msg="exif orientation error" error="exif: tag \"Orientation\" is not present"
time=2025-08-05T17:17:04.145-03:00 level=ERROR msg="exif orientation error" error="exif: tag \"Orientation\" is not present"
time=2025-08-05T17:17:04.927-03:00 level=ERROR msg="exif error" error="exif: failed to find exif intro marker"
time=2025-08-05T17:17:05.072-03:00 level=ERROR msg="exif error" error="exif: failed to find exif intro marker"
time=2025-08-05T17:17:05.389-03:00 level=ERROR msg="invalid orientation value" orientation=0
time=2025-08-05T17:17:05.670-03:00 level=ERROR msg="invalid orientation value" orientation=0
time=2025-08-05T17:17:06.196-03:00 level=ERROR msg="invalid orientation value" orientation=0
time=2025-08-05T17:17:06.447-03:00 level=ERROR msg="invalid orientation value" orientation=0
time=2025-08-05T17:17:06.557-03:00 level=ERROR msg="exif error" error="exif: failed to find exif intro marker"
time=2025-08-05T17:17:06.736-03:00 level=ERROR msg="exif error" error="exif: failed to find exif intro marker"
time=2025-08-05T17:17:07.746-03:00 level=ERROR msg="exif orientation error" error="exif: tag \"Orientation\" is not present"
time=2025-08-05T17:17:08.139-03:00 level=ERROR msg="exif orientation error" error="exif: tag \"Orientation\" is not present"
time=2025-08-05T17:17:09.254-03:00 level=ERROR msg="invalid orientation value" orientation=0
time=2025-08-05T17:17:09.596-03:00 level=ERROR msg="invalid orientation value" orientation=0
time=2025-08-05T17:17:10.344-03:00 level=ERROR msg="exif orientation error" error="exif: tag \"Orientation\" is not present"
time=2025-08-05T17:17:10.667-03:00 level=ERROR msg="exif orientation error" error="exif: tag \"Orientation\" is not present"
time=2025-08-05T17:17:18.367-03:00 level=ERROR msg="exif orientation error" error="exif: tag \"Orientation\" is not present"
time=2025-08-05T17:17:21.722-03:00 level=ERROR msg="exif error" error="exif: failed to find exif intro marker"
time=2025-08-05T17:17:21.862-03:00 level=ERROR msg="exif error" error="exif: failed to find exif intro marker"
time=2025-08-05T17:17:22.143-03:00 level=ERROR msg="invalid orientation value" orientation=0
time=2025-08-05T17:17:22.444-03:00 level=ERROR msg="invalid orientation value" orientation=0
time=2025-08-05T17:17:22.571-03:00 level=ERROR msg="exif error" error=EOF
time=2025-08-05T17:20:20.732-03:00 level=ERROR msg="Max lines reached" maxLines=44
time=2025-08-05T17:20:20.882-03:00 level=ERROR msg="Max lines reached" maxLines=44
time=2025-08-05T17:20:20.907-03:00 level=ERROR msg="Max lines reached" maxLines=44
time=2025-08-05T17:20:21.031-03:00 level=ERROR msg="Max lines reached" maxLines=44
time=2025-08-05T17:20:21.185-03:00 level=ERROR msg="Max lines reached" maxLines=44
time=2025-08-05T17:20:21.216-03:00 level=ERROR msg="Max lines reached" maxLines=44
time=2025-08-05T17:20:21.367-03:00 level=ERROR msg="Max lines reached" maxLines=44
time=2025-08-05T17:20:21.900-03:00 level=ERROR msg="Max lines reached" maxLines=44
time=2025-08-05T17:20:22.046-03:00 level=ERROR msg="Max lines reached" maxLines=44
time=2025-08-05T17:20:22.074-03:00 level=ERROR msg="Max lines reached" maxLines=44
time=2025-08-05T17:20:22.230-03:00 level=ERROR msg="Max lines reached" maxLines=44
time=2025-08-05T17:20:22.483-03:00 level=ERROR msg="Max lines reached" maxLines=44
time=2025-08-05T17:20:22.627-03:00 level=ERROR msg="Max lines reached" maxLines=44
time=2025-08-05T17:20:22.710-03:00 level=ERROR msg="Max lines reached" maxLines=44
time=2025-08-05T17:20:22.862-03:00 level=ERROR msg="Max lines reached" maxLines=44
time=2025-08-05T17:21:22.462-03:00 level=ERROR msg="exif error" error=EOF
time=2025-08-05T17:21:22.636-03:00 level=ERROR msg="exif error" error=EOF
time=2025-08-05T17:21:25.919-03:00 level=ERROR msg="exif error" error=EOF
time=2025-08-05T17:21:33.446-03:00 level=ERROR msg="exif error" error=EOF
time=2025-08-05T17:21:33.589-03:00 level=ERROR msg="exif error" error=EOF
time=2025-08-05T17:21:35.853-03:00 level=ERROR msg="exif error" error=EOF
time=2025-08-05T17:21:36.007-03:00 level=ERROR msg="exif error" error=EOF
time=2025-08-05T17:21:37.143-03:00 level=ERROR msg="invalid orientation value" orientation=0
time=2025-08-05T17:21:38.395-03:00 level=ERROR msg="invalid orientation value" orientation=0
time=2025-08-05T17:21:38.681-03:00 level=ERROR msg="exif error" error="exif: failed to find exif intro marker"
time=2025-08-05T17:21:38.764-03:00 level=ERROR msg="exif error" error="exif: failed to find exif intro marker"
time=2025-08-05T17:44:58.087-03:00 level=ERROR msg="Error render directory preview" error="open C:\\Users\\Gabriel_Stundner\\Templates: Access is denied."
time=2025-08-05T17:44:58.113-03:00 level=ERROR msg="Error render directory preview" error="open C:\\Users\\Gabriel_Stundner\\Templates: Access is denied."
time=2025-08-05T17:44:58.135-03:00 level=ERROR msg="Error render directory preview" error="open C:\\Users\\Gabriel_Stundner\\Templates: Access is denied."
time=2025-08-05T17:46:44.143-03:00 level=ERROR msg="Error render directory preview" error="open C:\\Users\\Gabriel_Stundner\\Templates: Access is denied."
time=2025-08-05T17:46:44.165-03:00 level=ERROR msg="Error render directory preview" error="open C:\\Users\\Gabriel_Stundner\\Templates: Access is denied."
time=2025-08-05T17:50:46.107-03:00 level=ERROR msg="Error render directory preview" error="open C:\\Users\\Gabriel_Stundner\\Templates: Access is denied."
time=2025-08-05T17:50:46.253-03:00 level=ERROR msg="Error render directory preview" error="open C:\\Users\\Gabriel_Stundner\\Templates: Access is denied."
time=2025-08-05T17:52:23.020-03:00 level=ERROR msg="Max lines reached" maxLines=44
time=2025-08-05T17:52:23.173-03:00 level=ERROR msg="Max lines reached" maxLines=44
time=2025-08-05T17:52:25.606-03:00 level=ERROR msg="Max lines reached" maxLines=44
time=2025-08-05T17:52:25.757-03:00 level=ERROR msg="Max lines reached" maxLines=44
